dataset,percent-heldout,seed,transfer,raw,target_only
log_REP_GDSC,20,0,0.8107095667495487,0.5014663366573875,0.8066380892875156
log_REP_GDSC,20,1,0.8188090419256187,0.5215511332552212,0.81744461071587
log_REP_GDSC,20,2,0.8123283174377828,0.5137116031802852,0.8040203284693942
log_REP_GDSC,20,3,0.8278241680091389,0.5031901579613277,0.8159329544773439
log_REP_GDSC,20,4,0.8290225398403617,0.5088517470183948,0.8082358157323426
log_REP_GDSC,20,5,0.8307414037302333,0.5073945535580995,0.8222976248226473
log_REP_GDSC,20,6,0.8227339966860396,0.5332653601722502,0.8218952909871463
log_REP_GDSC,20,7,0.8181878006850848,0.49636000416810566,0.8153241697867687
log_REP_GDSC,20,8,0.8293675796245689,0.5393870017463357,0.8111554959672825
log_REP_GDSC,20,9,0.8202729330306151,0.5133381677376956,0.8106213382403545
log_REP_GDSC,40,0,0.8117054516102714,0.5037365833137666,0.7875730571893402
log_REP_GDSC,40,1,0.7981578148509044,0.5139921709391,0.7665567801647735
log_REP_GDSC,40,2,0.7752119313256394,0.5160119476459508,0.7752466224282933
log_REP_GDSC,40,3,0.8051279638689253,0.5111979572965326,0.7757476364092172
log_REP_GDSC,40,4,0.8019940335901663,0.5078741637007956,0.7817622328236552
log_REP_GDSC,40,5,0.7945733980200279,0.508329627214056,0.7715092175380253
log_REP_GDSC,40,6,0.8048111246970914,0.5220533766520264,0.7854654314218329
log_REP_GDSC,40,7,0.7997468428174905,0.5130471917575741,0.7703998638327477
log_REP_GDSC,40,8,0.8255224460613606,0.5220904939746343,0.7919072453836563
log_REP_GDSC,40,9,0.7923175639052393,0.5140485489335075,0.7791534930709342
log_REP_GDSC,60,0,0.7627028093815545,0.5142409771177333,0.7460901399050619
log_REP_GDSC,60,1,0.7472247926710233,0.5124866594418173,0.7217619391929614
log_REP_GDSC,60,2,0.7533881173825313,0.5120528383021377,0.7339934017964782
log_REP_GDSC,60,3,0.749996358412599,0.5164388043628692,0.7120773153487668
log_REP_GDSC,60,4,0.7551874805365801,0.5151149298464986,0.7154147449578339
log_REP_GDSC,60,5,0.766751237111306,0.5123707355574219,0.7353631531460837
log_REP_GDSC,60,6,0.7498534759131278,0.516357534639244,0.735911702146182
log_REP_GDSC,60,7,0.7392819234093233,0.5116743797617441,0.73852972793822
log_REP_GDSC,60,8,0.764180118084524,0.5157458812937353,0.730668260447212
log_REP_GDSC,60,9,0.7634503197764287,0.5131235738483068,0.7315971458270687
log_REP_GDSC,80,0,0.7230108610562358,0.5114700318867388,0.6499924387956165
log_REP_GDSC,80,1,0.7201661659809739,0.5106156336808771,0.5987612360395197
log_REP_GDSC,80,2,0.723319168605539,0.5086297149438439,0.6567863057114178
log_REP_GDSC,80,3,0.7169784816771377,0.5141401929336519,0.5450514627794424
log_REP_GDSC,80,4,0.7290197884949446,0.5087766197004905,0.6515412270151046
log_REP_GDSC,80,5,0.704586047183279,0.51230089019097,0.6054190219030873
log_REP_GDSC,80,6,0.7326124555685559,0.5139767741783289,0.6564558224592894
log_REP_GDSC,80,7,0.6955915469667746,0.5117203587839769,0.5225189609784823
log_REP_GDSC,80,8,0.7278206531186787,0.5101543267734887,0.6606215498043189
log_REP_GDSC,80,9,0.7169057808066173,0.510059548389378,0.6160075095940801
log_REP_CTD2,20,0,0.8150520615080662,0.4971430328896973,0.8254484756054018
log_REP_CTD2,20,1,0.7864007353221251,0.5075244433979923,0.7853755101560458
log_REP_CTD2,20,2,0.7893236065448643,0.518439169587166,0.7877261846574808
log_REP_CTD2,20,3,0.7836307054506138,0.508335268666556,0.7721175749040268
log_REP_CTD2,20,4,0.8015251158746911,0.5065411243373472,0.7966098396871673
log_REP_CTD2,20,5,0.7989953005481624,0.48278835463247693,0.8043497026627734
log_REP_CTD2,20,6,0.8104625343146633,0.49216677972902717,0.8220719022815391
log_REP_CTD2,20,7,0.8077105712533507,0.5061473469657205,0.810276407472681
log_REP_CTD2,20,8,0.8099781231414486,0.5001985010635884,0.8216058818600107
log_REP_CTD2,20,9,0.8017881039931753,0.5031978628398287,0.8187361818524913
log_REP_CTD2,40,0,0.7904087053050759,0.49688086030593265,0.7826681271924851
log_REP_CTD2,40,1,0.787678488873758,0.5075272735843911,0.7771291992322128
log_REP_CTD2,40,2,0.7817441774138509,0.5115592367087337,0.7823671721978639
log_REP_CTD2,40,3,0.7693754187883886,0.504892724679909,0.7565669316192778
log_REP_CTD2,40,4,0.7806284276532962,0.504823288466974,0.7693139511172621
log_REP_CTD2,40,5,0.7837472090690285,0.49788823579745256,0.7734794077894935
log_REP_CTD2,40,6,0.7860798242357251,0.49883130772071216,0.7845709006104234
log_REP_CTD2,40,7,0.7910023994225972,0.5068010246732927,0.7878787756167402
log_REP_CTD2,40,8,0.7911461623531992,0.4910118845935477,0.7849882806815673
log_REP_CTD2,40,9,0.7838547655496797,0.5034834369325942,0.7839796970087839
log_REP_CTD2,60,0,0.7727071917006955,0.5064914322517854,0.7513407496221521
log_REP_CTD2,60,1,0.7620235051866296,0.5053532933506227,0.7496522034731972
log_REP_CTD2,60,2,0.7624204477376579,0.508103288491362,0.7338709038154926
log_REP_CTD2,60,3,0.765324585201605,0.5066703308007044,0.7377292225801508
log_REP_CTD2,60,4,0.7575208008786816,0.4981171369782119,0.7536089879494311
log_REP_CTD2,60,5,0.7635333624917768,0.5006731096276335,0.740517364985925
log_REP_CTD2,60,6,0.7683646678778497,0.4984370128853104,0.7486447867906597
log_REP_CTD2,60,7,0.7722243547349579,0.5022958982284835,0.7524482904150266
log_REP_CTD2,60,8,0.7652418050718598,0.4992755184712982,0.7458294088192832
log_REP_CTD2,60,9,0.7721323438624228,0.5002468300605023,0.7543100608868498
log_REP_CTD2,80,0,0.7187184647289125,0.5030358944125293,0.6786909787225
log_REP_CTD2,80,1,0.7366263417948549,0.5024289417589356,0.6757969488733286
log_REP_CTD2,80,2,0.7319090220619604,0.5021411615066896,0.6763052041452264
log_REP_CTD2,80,3,0.7192725823870826,0.5065273621091922,0.6405102068732721
log_REP_CTD2,80,4,0.7124263251803703,0.5015217057704643,0.6871100545151092
log_REP_CTD2,80,5,0.7315229257565276,0.5021109825628125,0.6752700079872306
log_REP_CTD2,80,6,0.7250564221682645,0.5026549296260192,0.6494885748809391
log_REP_CTD2,80,7,0.7407176733462283,0.5051550890161216,0.6875246756259895
log_REP_CTD2,80,8,0.7267106804594575,0.49891956416227495,0.6654612384507815
log_REP_CTD2,80,9,0.734776060825979,0.5017260829124698,0.6775043464653886
log_GDSC_CTD2,20,0,0.8179037787334736,0.5038569618549337,0.8254484756054018
log_GDSC_CTD2,20,1,0.7966919863815396,0.49869061564847,0.7853755101560458
log_GDSC_CTD2,20,2,0.799345204892471,0.49572057714120166,0.7877261846574808
log_GDSC_CTD2,20,3,0.786396050572347,0.5085807573504292,0.7721175749040268
log_GDSC_CTD2,20,4,0.8017027346093778,0.49226009206677435,0.7966098396871673
log_GDSC_CTD2,20,5,0.80236793342742,0.4814383587323115,0.8043497026627734
log_GDSC_CTD2,20,6,0.8176993792675498,0.4883732995762301,0.8220719022815391
log_GDSC_CTD2,20,7,0.8057169456929986,0.4554615665748451,0.810276407472681
log_GDSC_CTD2,20,8,0.8114143649060077,0.4863488777958407,0.8216058818600107
log_GDSC_CTD2,20,9,0.801095403139537,0.49983872725725637,0.8187361818524913
log_GDSC_CTD2,40,0,0.8000713941415741,0.49025032647571504,0.7826681271924851
log_GDSC_CTD2,40,1,0.7987705344593592,0.4916418401278313,0.7771291992322128
log_GDSC_CTD2,40,2,0.7911113614095006,0.4895422205548715,0.7823671721978639
log_GDSC_CTD2,40,3,0.777161306528696,0.5012249991900185,0.7565669316192778
log_GDSC_CTD2,40,4,0.7888333057510439,0.49857452138521363,0.7693139511172621
log_GDSC_CTD2,40,5,0.790355314526221,0.48427825713328976,0.7734794077894935
log_GDSC_CTD2,40,6,0.7934196569145523,0.49705149816043026,0.7845709006104234
log_GDSC_CTD2,40,7,0.7938868905369841,0.49001220670487805,0.7878787756167402
log_GDSC_CTD2,40,8,0.7949049701208034,0.4928472531345982,0.7849882806815673
log_GDSC_CTD2,40,9,0.7842035251285749,0.4929074563687092,0.7839796970087839
log_GDSC_CTD2,60,0,0.7660709165119429,0.48946437578536456,0.7513407496221521
log_GDSC_CTD2,60,1,0.7555142748214424,0.49152826744158884,0.7496522034731972
log_GDSC_CTD2,60,2,0.7640309360531944,0.49410582255936847,0.7338709038154926
log_GDSC_CTD2,60,3,0.7508396350709394,0.4988282833251699,0.7377292225801508
log_GDSC_CTD2,60,4,0.7715500556954438,0.4946347541988067,0.7536089879494311
log_GDSC_CTD2,60,5,0.7655137380932704,0.4933265305667093,0.740517364985925
log_GDSC_CTD2,60,6,0.7786549528953065,0.4923200124481803,0.7486447867906597
log_GDSC_CTD2,60,7,0.7714350035441988,0.4812866663332515,0.7524482904150266
log_GDSC_CTD2,60,8,0.7679922157642795,0.48989768030994674,0.7458294088192832
log_GDSC_CTD2,60,9,0.7692171810564048,0.48881832488246907,0.7543100608868498
log_GDSC_CTD2,80,0,0.72425074004083,0.48869563080069983,0.6786909787225
log_GDSC_CTD2,80,1,0.7256383943634607,0.49515411141915444,0.6757969488733286
log_GDSC_CTD2,80,2,0.7219184736807112,0.4910979285005654,0.6763052041452264
log_GDSC_CTD2,80,3,0.7148424916199463,0.4927259168605171,0.6405102068732721
log_GDSC_CTD2,80,4,0.7090019529194311,0.49405704216262447,0.6871100545151092
log_GDSC_CTD2,80,5,0.7228659176534117,0.4939164152293054,0.6752700079872306
log_GDSC_CTD2,80,6,0.7072361188984256,0.4907802073193055,0.6494885748809391
log_GDSC_CTD2,80,7,0.7269252173645102,0.4894440968863636,0.6875246756259895
log_GDSC_CTD2,80,8,0.7294422915177023,0.49118402443490916,0.6654612384507815
log_GDSC_CTD2,80,9,0.7258345750433192,0.48679368197419987,0.6775043464653886
log_GDSC_REP,20,0,0.8757050077451298,0.5014663366573875,0.8697156201061719
log_GDSC_REP,20,1,0.8851595397080767,0.5215511332552212,0.8750080511979907
log_GDSC_REP,20,2,0.8792306696439968,0.5137116031802852,0.8756487862658332
log_GDSC_REP,20,3,0.8710354855869148,0.5031901579613277,0.8680489511847882
log_GDSC_REP,20,4,0.8675323475429021,0.5088517470183948,0.8551808281895596
log_GDSC_REP,20,5,0.8860313658897919,0.5073945535580994,0.8683217645816128
log_GDSC_REP,20,6,0.8792803922974743,0.5332653601722502,0.8707361205331563
log_GDSC_REP,20,7,0.8803586013175434,0.4963600041681056,0.8695357678662904
log_GDSC_REP,20,8,0.8738547538753296,0.5393870017463358,0.8656227507825273
log_GDSC_REP,20,9,0.8746399974398826,0.5133381677376954,0.8726578467567474
log_GDSC_REP,40,0,0.8673355813113033,0.5037365833137665,0.8660825020957724
log_GDSC_REP,40,1,0.8695565637499553,0.5139921709391,0.8603376550830985
log_GDSC_REP,40,2,0.8684651879763609,0.5160119476459507,0.8641579016858745
log_GDSC_REP,40,3,0.8587867407841056,0.5111979572965325,0.8607971017187354
log_GDSC_REP,40,4,0.8615612399701141,0.5078741637007955,0.8534038919346145
log_GDSC_REP,40,5,0.868281103242082,0.5083296272140555,0.8611181314319323
log_GDSC_REP,40,6,0.8650919189802602,0.5220533766520266,0.850131126001642
log_GDSC_REP,40,7,0.8645975277642654,0.5130471917575739,0.8535188533244572
log_GDSC_REP,40,8,0.8682152721492987,0.5220904939746339,0.8564945429814486
log_GDSC_REP,40,9,0.8748968319943833,0.5140485489335075,0.8645122178660045
log_GDSC_REP,60,0,0.8561454846458624,0.5142409771177333,0.8535392882063895
log_GDSC_REP,60,1,0.8526236203160874,0.5124866594418173,0.8403646770542031
log_GDSC_REP,60,2,0.8616086199141021,0.5120528383021375,0.8519927240848835
log_GDSC_REP,60,3,0.8529953616335175,0.5164388043628692,0.8473474985409243
log_GDSC_REP,60,4,0.8485813798942118,0.5151149298464986,0.8382991968949477
log_GDSC_REP,60,5,0.8575335638341102,0.5123707355574219,0.846965123230821
log_GDSC_REP,60,6,0.8586843016040525,0.516357534639244,0.8514772442519591
log_GDSC_REP,60,7,0.8575010452811386,0.5116743797617441,0.8475869543740386
log_GDSC_REP,60,8,0.8576287210587135,0.5157458812937354,0.8374094311144277
log_GDSC_REP,60,9,0.8587684513327768,0.5131235738483068,0.8439032458817436
log_GDSC_REP,80,0,0.8299478059435186,0.5114700318867387,0.8060030315628152
log_GDSC_REP,80,1,0.8297062485239871,0.5106156336808771,0.7929959587179783
log_GDSC_REP,80,2,0.8356311251315247,0.5086297149438439,0.803978624296744
log_GDSC_REP,80,3,0.8299848571596455,0.514140192933652,0.789711290385395
log_GDSC_REP,80,4,0.8342170286198904,0.5087766197004905,0.7914350255277312
log_GDSC_REP,80,5,0.8278188430938659,0.51230089019097,0.8134397370678526
log_GDSC_REP,80,6,0.8288378744489604,0.513976774178329,0.7834097685170577
log_GDSC_REP,80,7,0.8332444816150085,0.5117203587839769,0.7849925983986731
log_GDSC_REP,80,8,0.8337232007505112,0.5101543267734888,0.7978934821164868
log_GDSC_REP,80,9,0.8386908074246057,0.510059548389378,0.802219396938548
log_CTD2_REP,20,0,0.8767321275350416,0.49714303288969725,0.8697156201061719
log_CTD2_REP,20,1,0.8792678123700988,0.5075244433979923,0.8750080511979907
log_CTD2_REP,20,2,0.8791535592332133,0.5184391695871661,0.8756487862658332
log_CTD2_REP,20,3,0.878817308389586,0.508335268666556,0.8680489511847882
log_CTD2_REP,20,4,0.8723085782985239,0.5065411243373472,0.8551808281895596
log_CTD2_REP,20,5,0.8849136565402741,0.4827883546324769,0.8683217645816128
log_CTD2_REP,20,6,0.8845061997388386,0.4921667797290271,0.8707361205331563
log_CTD2_REP,20,7,0.8745536514010742,0.5061473469657206,0.8695357678662904
log_CTD2_REP,20,8,0.8775229229585848,0.5001985010635885,0.8656227507825273
log_CTD2_REP,20,9,0.8750305001972961,0.5031978628398287,0.8726578467567474
log_CTD2_REP,40,0,0.8758325723563034,0.49688086030593265,0.8660825020957724
log_CTD2_REP,40,1,0.8741231700346784,0.5075272735843911,0.8603376550830985
log_CTD2_REP,40,2,0.8773844584543422,0.5115592367087337,0.8641579016858745
log_CTD2_REP,40,3,0.8700970778755377,0.504892724679909,0.8607971017187354
log_CTD2_REP,40,4,0.8685335077279185,0.504823288466974,0.8534038919346145
log_CTD2_REP,40,5,0.8693172166850841,0.49788823579745256,0.8611181314319323
log_CTD2_REP,40,6,0.8716399011176911,0.4988313077207121,0.850131126001642
log_CTD2_REP,40,7,0.8723977192597131,0.5068010246732927,0.8535188533244572
log_CTD2_REP,40,8,0.8731531874476808,0.4910118845935477,0.8564945429814486
log_CTD2_REP,40,9,0.8785845746305708,0.5034834369325942,0.8645122178660045
log_CTD2_REP,60,0,0.8633473065466103,0.5064914322517854,0.8535392882063895
log_CTD2_REP,60,1,0.8578336321233443,0.5053532933506227,0.8403646770542031
log_CTD2_REP,60,2,0.8654778359993164,0.5081032884913619,0.8519927240848835
log_CTD2_REP,60,3,0.8643945960429762,0.5066703308007044,0.8473474985409243
log_CTD2_REP,60,4,0.8599353951296524,0.49811713697821197,0.8382991968949477
log_CTD2_REP,60,5,0.860608790314706,0.5006731096276335,0.846965123230821
log_CTD2_REP,60,6,0.8673798105138348,0.49843701288531034,0.8514772442519591
log_CTD2_REP,60,7,0.8669458621454597,0.5022958982284835,0.8475869543740386
log_CTD2_REP,60,8,0.8563263182277929,0.4992755184712982,0.8374094311144277
log_CTD2_REP,60,9,0.8585637442731732,0.5002468300605023,0.8439032458817436
log_CTD2_REP,80,0,0.8426444778689124,0.5030358944125289,0.8060030315628152
log_CTD2_REP,80,1,0.8407228307626037,0.5024289417589357,0.7929959587179783
log_CTD2_REP,80,2,0.8331674528043977,0.5021411615066895,0.803978624296744
log_CTD2_REP,80,3,0.8371760238302185,0.5065273621091922,0.789711290385395
log_CTD2_REP,80,4,0.8325116127568485,0.5015217057704643,0.7914350255277312
log_CTD2_REP,80,5,0.8420281539491471,0.5021109825628125,0.8134397370678526
log_CTD2_REP,80,6,0.8395158452386927,0.5026549296260193,0.7834097685170577
log_CTD2_REP,80,7,0.8409653439373103,0.5051550890161216,0.7849925983986731
log_CTD2_REP,80,8,0.8401412553653546,0.498919564162275,0.7978934821164868
log_CTD2_REP,80,9,0.8484689692969927,0.5017260829124698,0.802219396938548
log_CTD2_GDSC,20,0,0.8305337541970441,0.5038569618549337,0.8066380892875156
log_CTD2_GDSC,20,1,0.8340354803021376,0.49869061564847,0.81744461071587
log_CTD2_GDSC,20,2,0.8245302155012866,0.49572057714120166,0.8040203284693942
log_CTD2_GDSC,20,3,0.8330377374917914,0.5085807573504292,0.8159329544773439
log_CTD2_GDSC,20,4,0.8284583313360953,0.49226009206677435,0.8082358157323426
log_CTD2_GDSC,20,5,0.8458913716990087,0.4814383587323116,0.8222976248226473
log_CTD2_GDSC,20,6,0.8341809136937407,0.4883732995762301,0.8218952909871463
log_CTD2_GDSC,20,7,0.8244358048534701,0.45546156657484516,0.8153241697867687
log_CTD2_GDSC,20,8,0.8350914593829643,0.4863488777958407,0.8111554959672825
log_CTD2_GDSC,20,9,0.8309256326314342,0.4998387272572563,0.8106213382403545
log_CTD2_GDSC,40,0,0.8069625342312454,0.49025032647571504,0.7875730571893402
log_CTD2_GDSC,40,1,0.8002278565778099,0.4916418401278313,0.7665567801647735
log_CTD2_GDSC,40,2,0.7914825939471839,0.4895422205548715,0.7752466224282933
log_CTD2_GDSC,40,3,0.8049665428705056,0.5012249991900184,0.7757476364092172
log_CTD2_GDSC,40,4,0.8012218310927329,0.49857452138521363,0.7817622328236552
log_CTD2_GDSC,40,5,0.8022682133385332,0.4842782571332897,0.7715092175380253
log_CTD2_GDSC,40,6,0.7924824142940747,0.49705149816043026,0.7854654314218329
log_CTD2_GDSC,40,7,0.8100011925774994,0.49001220670487805,0.7703998638327477
log_CTD2_GDSC,40,8,0.809564004572662,0.4928472531345982,0.7919072453836563
log_CTD2_GDSC,40,9,0.8048991213135834,0.4929074563687092,0.7791534930709342
log_CTD2_GDSC,60,0,0.7782178337375192,0.4894643757853645,0.7460901399050619
log_CTD2_GDSC,60,1,0.7731806230904368,0.49152826744158884,0.7217619391929614
log_CTD2_GDSC,60,2,0.7496396797419157,0.4941058225593686,0.7339934017964782
log_CTD2_GDSC,60,3,0.7556667088815594,0.49882828332517,0.7120773153487668
log_CTD2_GDSC,60,4,0.7769247680704936,0.4946347541988067,0.7154147449578339
log_CTD2_GDSC,60,5,0.7555754864470398,0.4933265305667093,0.7353631531460837
log_CTD2_GDSC,60,6,0.7645367195069025,0.4923200124481803,0.735911702146182
log_CTD2_GDSC,60,7,0.7499616854598922,0.48128666633325146,0.73852972793822
log_CTD2_GDSC,60,8,0.7775062051685553,0.4898976803099468,0.730668260447212
log_CTD2_GDSC,60,9,0.7534825241340277,0.48881832488246907,0.7315971458270687
log_CTD2_GDSC,80,0,0.7493431463564755,0.48869563080069983,0.6499924387956165
log_CTD2_GDSC,80,1,0.739986615874639,0.4951541114191544,0.5987612360395197
log_CTD2_GDSC,80,2,0.7333460465919871,0.4910979285005654,0.6567863057114178
log_CTD2_GDSC,80,3,0.7041663120927825,0.49272591686051703,0.5450514627794424
log_CTD2_GDSC,80,4,0.7390463351578836,0.4940570421626244,0.6515412270151046
log_CTD2_GDSC,80,5,0.7128785005806153,0.49391641522930535,0.6054190219030873
log_CTD2_GDSC,80,6,0.7261213078607405,0.4907802073193055,0.6564558224592894
log_CTD2_GDSC,80,7,0.7146690972101177,0.48944409688636353,0.5225189609784823
log_CTD2_GDSC,80,8,0.7259083700118344,0.49118402443490916,0.6606215498043189
log_CTD2_GDSC,80,9,0.7373320170495722,0.4867936819741999,0.6160075095940801
log_REP_GDSC,10,0,0.8207359461055137,0.5098735455837489,0.8241593710270593
log_REP_GDSC,10,1,0.8296148805339427,0.4937052958993999,0.8024515635085838
log_REP_GDSC,10,2,0.8089899847531751,0.5002680727739315,0.7894383876926384
log_REP_GDSC,10,3,0.8417915735937559,0.504976665011805,0.8384478158671812
log_REP_GDSC,10,4,0.8094087723910824,0.5207591783847138,0.8160817477741461
log_REP_GDSC,10,5,0.8583345882374946,0.5178659894063118,0.8520328401910673
log_REP_GDSC,10,6,0.833400677504981,0.5164358580272184,0.8105475745920587
log_REP_GDSC,10,7,0.8414863416524693,0.4959702704313225,0.8339813136544066
log_REP_GDSC,10,8,0.8507784472605238,0.5463216042593348,0.8611717372759957
log_REP_GDSC,10,9,0.8383558705848488,0.5294046459803983,0.8254664572314039
log_REP_GDSC,85,0,0.735570149478033,0.5115386284190437,0.5949558162269839
log_REP_GDSC,85,1,0.7155556792612026,0.5110142385509889,0.574986014168437
log_REP_GDSC,85,2,0.716588994342044,0.5099281053795024,0.4875811388906467
log_REP_GDSC,85,3,0.7146161965477174,0.5135614300492929,0.47126049858874547
log_REP_GDSC,85,4,0.7170659350294311,0.5085030513773097,0.6091585205531707
log_REP_GDSC,85,5,0.7127754492173022,0.5117267412708543,0.4754564942416859
log_REP_GDSC,85,6,0.7162237879222202,0.5126676382064779,0.5867992311835909
log_REP_GDSC,85,7,0.7121660714812397,0.5124745214688338,0.5573483997127074
log_REP_GDSC,85,8,0.7071720643813006,0.5127592069243909,0.5739465339424591
log_REP_GDSC,85,9,0.6913573893442485,0.5097897804344648,0.5667946499477023
log_REP_GDSC,90,0,0.6849446694000315,0.5107785175631475,0.45613925808024636
log_REP_GDSC,90,1,0.7041883338723199,0.5099115716113247,0.41947049803718695
log_REP_GDSC,90,2,0.69710300078214,0.5101309344996968,0.46617830037569175
log_REP_GDSC,90,3,0.6956148171339956,0.512307547430135,0.4471241218202078
log_REP_GDSC,90,4,0.7092328697310284,0.5119482863273932,0.5020538111430334
log_REP_GDSC,90,5,0.6862861855915858,0.5113241743960387,0.4978832707932078
log_REP_GDSC,90,6,0.7084046684639675,0.5118661977617184,0.5208223369296451
log_REP_GDSC,90,7,0.6996766529959788,0.5115905845963613,0.4287081805049946
log_REP_GDSC,90,8,0.6817993472363377,0.5115198215778104,0.3450920557170818
log_REP_GDSC,90,9,0.6660663895716192,0.5115406905230027,0.4750116663683563
log_REP_GDSC,95,0,0.679204116540325,0.5119219204544627,-0.012321300038204683
log_REP_GDSC,95,1,0.5910975154489428,0.5111277550047681,0.20302872986133852
log_REP_GDSC,95,2,0.6176172609087555,0.5100783164973832,0.07807995646101784
log_REP_GDSC,95,3,0.662329164071555,0.5109032867004075,0.24712650615782253
log_REP_GDSC,95,4,0.5781517673973534,0.5111358291227587,0.22844919130276575
log_REP_GDSC,95,5,0.5979151488155022,0.5104305846327677,0.0359260136795479
log_REP_GDSC,95,6,0.6330995040517624,0.5137254967437319,0.0069822247123412584
log_REP_GDSC,95,7,0.6631896013629621,0.5105322837804156,0.2348172853211646
log_REP_GDSC,95,8,0.5967511966797324,0.5108064658290851,0.16744036732609865
log_REP_GDSC,95,9,0.5270501266679944,0.5121043220659823,0.18537770483242696
log_REP_CTD2,10,0,0.825528718140054,0.5094995161245107,0.8392232529782708
log_REP_CTD2,10,1,0.7967441690022375,0.510264801140033,0.8112563110060138
log_REP_CTD2,10,2,0.7973321369052386,0.5029218157083312,0.8127706407685312
log_REP_CTD2,10,3,0.7907871249716967,0.5078917400258471,0.8132747719357524
log_REP_CTD2,10,4,0.8463291229204867,0.521026218880451,0.8329554968359524
log_REP_CTD2,10,5,0.8264113039905819,0.494640408635738,0.8322229498699821
log_REP_CTD2,10,6,0.8437159843634946,0.4765742498173303,0.8343810804457712
log_REP_CTD2,10,7,0.8058837829816958,0.511874116324603,0.8179038083500966
log_REP_CTD2,10,8,0.8364512318969438,0.5051814455661077,0.8317534192494974
log_REP_CTD2,10,9,0.8233651932502387,0.483722077609539,0.8318173886041398
log_REP_CTD2,85,0,0.699515897989915,0.5031927406594663,0.6041198299512434
log_REP_CTD2,85,1,0.7096329877816239,0.5026836766021635,0.6232785457484388
log_REP_CTD2,85,2,0.7067645213879655,0.501943067456328,0.6193811087489148
log_REP_CTD2,85,3,0.700419820381522,0.5053252036670953,0.5961928096813774
log_REP_CTD2,85,4,0.7082940077905318,0.501748916176095,0.636449350706815
log_REP_CTD2,85,5,0.7141989740488295,0.5020893941137791,0.6155113943954037
log_REP_CTD2,85,6,0.7015755239431879,0.5042177058340316,0.5831628254170529
log_REP_CTD2,85,7,0.7391314659297546,0.5044140252501365,0.645938168320204
log_REP_CTD2,85,8,0.7149084217227704,0.5007366327562883,0.6367097358620183
log_REP_CTD2,85,9,0.7133892147217098,0.5004515382049004,0.6305661827840007
log_REP_CTD2,90,0,0.6687060495554553,0.5017825660835844,0.5108443754432033
log_REP_CTD2,90,1,0.6711629116536245,0.5034751441203358,0.5287348139896603
log_REP_CTD2,90,2,0.6999197184044615,0.5030105092879834,0.5540179580352262
log_REP_CTD2,90,3,0.6754268450936285,0.5013746965627732,0.5237621576897321
log_REP_CTD2,90,4,0.6671091574469208,0.5020047508786786,0.5330681865297962
log_REP_CTD2,90,5,0.6752388564717091,0.5015039197015727,0.5677015462447171
log_REP_CTD2,90,6,0.6541421418502641,0.5013352181021539,0.4369156244069146
log_REP_CTD2,90,7,0.6990429209738185,0.502805298222895,0.5091466792040037
log_REP_CTD2,90,8,0.6918186184154395,0.5016589709813055,0.543160626923636
log_REP_CTD2,90,9,0.6618521695184962,0.5001360092010061,0.5779405675218973
log_REP_CTD2,95,0,0.5771723815046307,0.5024588187809509,0.005324684439478574
log_REP_CTD2,95,1,0.614133504816563,0.5031195780034511,0.009580888874559408
log_REP_CTD2,95,2,0.5964704533662025,0.5020183202762155,0.00872085222911931
log_REP_CTD2,95,3,0.6020907230908266,0.5016271422703141,0.300387473546617
log_REP_CTD2,95,4,0.6080886886272436,0.5024910031471662,0.018169233513141373
log_REP_CTD2,95,5,0.6075521040663272,0.5010999818851171,0.008982569380918697
log_REP_CTD2,95,6,0.5175424611497018,0.5020471061775764,0.23235086190515863
log_REP_CTD2,95,7,0.60332662640115,0.5007079505231787,-0.0107167524842881
log_REP_CTD2,95,8,0.6014810913219539,0.501631218985314,0.0081686277919271
log_REP_CTD2,95,9,0.6086727837720491,0.5005368668663932,0.007383347035639499
log_GDSC_CTD2,10,0,0.8217624321425664,0.5167951216776389,0.8392232529782708
log_GDSC_CTD2,10,1,0.8061460014629768,0.4956062494188479,0.8112563110060138
log_GDSC_CTD2,10,2,0.8110414754653551,0.4950852269720695,0.8127706407685312
log_GDSC_CTD2,10,3,0.7983030362411567,0.5071237907598218,0.8132747719357524
log_GDSC_CTD2,10,4,0.8497013673771526,0.48777466475434095,0.8329554968359524
log_GDSC_CTD2,10,5,0.8226205911324976,0.5022371524353971,0.8322229498699821
log_GDSC_CTD2,10,6,0.833157103009265,0.4653425514600689,0.8343810804457712
log_GDSC_CTD2,10,7,0.8096639146779472,0.47140964930780577,0.8179038083500966
log_GDSC_CTD2,10,8,0.8236694772262648,0.5005305615611437,0.8317534192494974
log_GDSC_CTD2,10,9,0.8054103857570819,0.48053270080959454,0.8318173886041398
log_GDSC_CTD2,85,0,0.677676648470919,0.48826676928024965,0.6041198299512434
log_GDSC_CTD2,85,1,0.6980658901067495,0.4940415061417844,0.6232785457484388
log_GDSC_CTD2,85,2,0.6957238121273388,0.4898689298357369,0.6193811087489148
log_GDSC_CTD2,85,3,0.6910150702413884,0.4919796588395495,0.5961928096813774
log_GDSC_CTD2,85,4,0.693691449570544,0.4962670693443469,0.636449350706815
log_GDSC_CTD2,85,5,0.718114823299604,0.49502259398488996,0.6155113943954037
log_GDSC_CTD2,85,6,0.6713583289455051,0.49218652260272,0.5831628254170529
log_GDSC_CTD2,85,7,0.7093797337559348,0.49015888606157254,0.645938168320204
log_GDSC_CTD2,85,8,0.7091816743198986,0.4927125143209094,0.6367097358620183
log_GDSC_CTD2,85,9,0.6858029353590128,0.49076468819246616,0.6305661827840007
log_GDSC_CTD2,90,0,0.6447450996975219,0.48821175658523097,0.5108443754432033
log_GDSC_CTD2,90,1,0.6416559879239657,0.4949916047934873,0.5287348139896603
log_GDSC_CTD2,90,2,0.6685528800709206,0.4921745718771607,0.5540179580352262
log_GDSC_CTD2,90,3,0.6358780557830912,0.4923886254031446,0.5237621576897321
log_GDSC_CTD2,90,4,0.6480617790783676,0.49565007933595073,0.5330681865297962
log_GDSC_CTD2,90,5,0.65194438675746,0.4951282162777061,0.5677015462447171
log_GDSC_CTD2,90,6,0.5828482899612824,0.49030764950797473,0.4369156244069146
log_GDSC_CTD2,90,7,0.6584027986216962,0.48960451842210184,0.5091466792040037
log_GDSC_CTD2,90,8,0.6675467140818914,0.4937292588587663,0.543160626923636
log_GDSC_CTD2,90,9,0.621076905482894,0.48947094405517577,0.5779405675218973
log_GDSC_CTD2,95,0,0.45936106837187685,0.49128900786812496,0.005324684439478574
log_GDSC_CTD2,95,1,0.4231376264957536,0.49366486057624354,0.009580888874559408
log_GDSC_CTD2,95,2,0.5231668064706236,0.4918626741706427,0.00872085222911931
log_GDSC_CTD2,95,3,0.5451152455434085,0.49224483984210543,0.300387473546617
log_GDSC_CTD2,95,4,0.4390784637530926,0.49556114654561456,0.018169233513141373
log_GDSC_CTD2,95,5,0.419086335608471,0.49456212513438924,0.008982569380918697
log_GDSC_CTD2,95,6,0.39844401846205024,0.49374417372593843,0.23235086190515863
log_GDSC_CTD2,95,7,0.43790584251417036,0.4921292234572555,-0.0107167524842881
log_GDSC_CTD2,95,8,0.5232207822946118,0.4944544807479311,0.0081686277919271
log_GDSC_CTD2,95,9,0.5127396670414004,0.49261490450462364,0.007383347035639499
log_GDSC_REP,10,0,0.8831219353347467,0.5098735455837489,0.8689915428538699
log_GDSC_REP,10,1,0.8769727974443993,0.4937052958993999,0.8737697800466601
log_GDSC_REP,10,2,0.8837912456151231,0.5002680727739315,0.875645721404451
log_GDSC_REP,10,3,0.8862184648567334,0.504976665011805,0.8771786966430636
log_GDSC_REP,10,4,0.8758153264374262,0.5207591783847139,0.8743062262717098
log_GDSC_REP,10,5,0.8963164172743137,0.5178659894063119,0.8817712385930521
log_GDSC_REP,10,6,0.8756297265562046,0.5164358580272184,0.8722599315658814
log_GDSC_REP,10,7,0.8834524441693186,0.49597027043132264,0.8766103855913098
log_GDSC_REP,10,8,0.8834785482046311,0.5463216042593348,0.8753767637900743
log_GDSC_REP,10,9,0.8825895527976673,0.529404645980398,0.8789184426976344
log_GDSC_REP,85,0,0.8217927675527632,0.5115386284190437,0.7614096326116541
log_GDSC_REP,85,1,0.8291335189652229,0.511014238550989,0.7552208088923009
log_GDSC_REP,85,2,0.8202729030652648,0.5099281053795022,0.7807536108027772
log_GDSC_REP,85,3,0.8134874885144958,0.5135614300492932,0.7164753623767669
log_GDSC_REP,85,4,0.8199560149087491,0.50850305137731,0.7481072190684839
log_GDSC_REP,85,5,0.828333785294204,0.511726741270854,0.7790030713607617
log_GDSC_REP,85,6,0.8293136616110622,0.5126676382064779,0.7610118627436852
log_GDSC_REP,85,7,0.820465771938744,0.5124745214688339,0.7630201366460732
log_GDSC_REP,85,8,0.8252242360790925,0.512759206924391,0.7760812762856244
log_GDSC_REP,85,9,0.8223299268344931,0.5097897804344648,0.7703784901176794
log_GDSC_REP,90,0,0.8068379247057884,0.5107785175631473,0.6795671841588986
log_GDSC_REP,90,1,0.8023290719117601,0.5099115716113248,0.7026842030940001
log_GDSC_REP,90,2,0.795923638176931,0.5101309344996967,0.715804404371548
log_GDSC_REP,90,3,0.7997012920719847,0.5123075474301348,0.6631484339054741
log_GDSC_REP,90,4,0.8084826999398824,0.5119482863273934,0.6717119110328577
log_GDSC_REP,90,5,0.8077436207544462,0.5113241743960387,0.732503341324536
log_GDSC_REP,90,6,0.811180980898188,0.5118661977617184,0.6503337650578311
log_GDSC_REP,90,7,0.8137410622534929,0.5115905845963613,0.6485491056897431
log_GDSC_REP,90,8,0.8063529377129354,0.5115198215778104,0.7000805510190669
log_GDSC_REP,90,9,0.8079733789080374,0.5115406905230027,0.6559515285322552
log_GDSC_REP,95,0,0.7358519993392828,0.5119219204544627,0.45394780468639834
log_GDSC_REP,95,1,0.7221234719914983,0.5111277550047681,0.4853968077117252
log_GDSC_REP,95,2,0.7424269791537671,0.5100783164973833,0.45332420673421175
log_GDSC_REP,95,3,0.7452270503054379,0.5109032867004076,0.46804435449988296
log_GDSC_REP,95,4,0.7351810424546505,0.5111358291227588,0.45839592379153477
log_GDSC_REP,95,5,0.7606005207155538,0.5104305846327677,0.49980827959837454
log_GDSC_REP,95,6,0.7516046178833504,0.5137254967437318,0.4794915200633598
log_GDSC_REP,95,7,0.7534926968798364,0.5105322837804155,0.46145951259809115
log_GDSC_REP,95,8,0.7391453959838076,0.5108064658290851,0.48010273088977223
log_GDSC_REP,95,9,0.7632419408298423,0.5121043220659823,0.47962573093805383
log_CTD2_REP,10,0,0.8769346816686168,0.5094995161245107,0.8689915428538699
log_CTD2_REP,10,1,0.8784642086258325,0.5102648011400329,0.8737697800466601
log_CTD2_REP,10,2,0.8797998480454717,0.5029218157083313,0.875645721404451
log_CTD2_REP,10,3,0.8891241167195273,0.5078917400258474,0.8771786966430636
log_CTD2_REP,10,4,0.8747046971968053,0.521026218880451,0.8743062262717098
log_CTD2_REP,10,5,0.8942764600893174,0.494640408635738,0.8817712385930521
log_CTD2_REP,10,6,0.8823506942783901,0.4765742498173304,0.8722599315658814
log_CTD2_REP,10,7,0.8792016485009254,0.511874116324603,0.8766103855913098
log_CTD2_REP,10,8,0.8891547344856207,0.5051814455661077,0.8753767637900743
log_CTD2_REP,10,9,0.8827566496915916,0.48372207760953906,0.8789184426976344
log_CTD2_REP,85,0,0.838891774429345,0.5031927406594663,0.7614096326116541
log_CTD2_REP,85,1,0.8354120257989908,0.5026836766021634,0.7552208088923009
log_CTD2_REP,85,2,0.8247947535370533,0.501943067456328,0.7807536108027772
log_CTD2_REP,85,3,0.8243183488514658,0.5053252036670953,0.7164753623767669
log_CTD2_REP,85,4,0.8322975909961065,0.501748916176095,0.7481072190684839
log_CTD2_REP,85,5,0.8311834847522268,0.5020893941137791,0.7790030713607617
log_CTD2_REP,85,6,0.8322907818392852,0.5042177058340315,0.7610118627436852
log_CTD2_REP,85,7,0.8295744010083165,0.5044140252501363,0.7630201366460732
log_CTD2_REP,85,8,0.8276202746009279,0.5007366327562883,0.7760812762856244
log_CTD2_REP,85,9,0.8292446934363713,0.5004515382049004,0.7703784901176794
log_CTD2_REP,90,0,0.829748008517905,0.5017825660835844,0.6795671841588986
log_CTD2_REP,90,1,0.8147903156619885,0.5034751441203359,0.7026842030940001
log_CTD2_REP,90,2,0.8127647704447011,0.5030105092879834,0.715804404371548
log_CTD2_REP,90,3,0.8094328767521236,0.5013746965627732,0.6631484339054741
log_CTD2_REP,90,4,0.8206343534503471,0.5020047508786786,0.6717119110328577
log_CTD2_REP,90,5,0.8193982805813145,0.5015039197015727,0.732503341324536
log_CTD2_REP,90,6,0.828878180875668,0.5013352181021539,0.6503337650578311
log_CTD2_REP,90,7,0.8167688824150028,0.502805298222895,0.6485491056897431
log_CTD2_REP,90,8,0.8167075171743409,0.5016589709813054,0.7000805510190669
log_CTD2_REP,90,9,0.824421208084642,0.5001360092010061,0.6559515285322552
log_CTD2_REP,95,0,0.7913890084839734,0.502458818780951,0.45394780468639834
log_CTD2_REP,95,1,0.7794123311916031,0.5031195780034511,0.4853968077117252
log_CTD2_REP,95,2,0.7791476447968035,0.5020183202762155,0.45332420673421175
log_CTD2_REP,95,3,0.7781990680215021,0.5016271422703141,0.46804435449988296
log_CTD2_REP,95,4,0.7824982414140562,0.5024910031471663,0.45839592379153477
log_CTD2_REP,95,5,0.7679557192913626,0.5010999818851172,0.49980827959837454
log_CTD2_REP,95,6,0.7797404575793144,0.5020471061775764,0.4794915200633598
log_CTD2_REP,95,7,0.7825991468396324,0.5007079505231787,0.46145951259809115
log_CTD2_REP,95,8,0.7694324723415678,0.501631218985314,0.48010273088977223
log_CTD2_REP,95,9,0.799857363356238,0.5005368668663932,0.47962573093805383
log_CTD2_GDSC,10,0,0.8287088171738383,0.5167951216776389,0.8241593710270593
log_CTD2_GDSC,10,1,0.8314378716893026,0.49560624941884784,0.8024515635085838
log_CTD2_GDSC,10,2,0.8141680510875325,0.49508522697206947,0.7894383876926384
log_CTD2_GDSC,10,3,0.8371281005222841,0.507123790759822,0.8384478158671812
log_CTD2_GDSC,10,4,0.8366033852991444,0.48777466475434095,0.8160817477741461
log_CTD2_GDSC,10,5,0.8589157728388885,0.5022371524353971,0.8520328401910673
log_CTD2_GDSC,10,6,0.8396053650211612,0.465342551460069,0.8105475745920587
log_CTD2_GDSC,10,7,0.8502333548797586,0.4714096493078057,0.8339813136544066
log_CTD2_GDSC,10,8,0.8691043500569623,0.5005305615611437,0.8611717372759957
log_CTD2_GDSC,10,9,0.8335339651185705,0.48053270080959454,0.8254664572314039
log_CTD2_GDSC,85,0,0.7385359914082674,0.4882667692802497,0.5949558162269839
log_CTD2_GDSC,85,1,0.7389171840985542,0.4940415061417844,0.574986014168437
log_CTD2_GDSC,85,2,0.7279145783319443,0.4898689298357369,0.4875811388906467
log_CTD2_GDSC,85,3,0.7173804070924412,0.4919796588395495,0.47126049858874547
log_CTD2_GDSC,85,4,0.7284742146291,0.4962670693443469,0.6091585205531707
log_CTD2_GDSC,85,5,0.6782535331837624,0.49502259398488996,0.4754564942416859
log_CTD2_GDSC,85,6,0.7203812678661474,0.49218652260272,0.5867992311835909
log_CTD2_GDSC,85,7,0.717256432400683,0.49015888606157254,0.5573483997127074
log_CTD2_GDSC,85,8,0.7098714502778191,0.4927125143209094,0.5739465339424591
log_CTD2_GDSC,85,9,0.7164582430453066,0.4907646881924662,0.5667946499477023
log_CTD2_GDSC,90,0,0.7192508739484335,0.488211756585231,0.45613925808024636
log_CTD2_GDSC,90,1,0.703008567181217,0.49499160479348736,0.41947049803718695
log_CTD2_GDSC,90,2,0.6875124659719344,0.4921745718771606,0.46617830037569175
log_CTD2_GDSC,90,3,0.682764889968878,0.4923886254031446,0.4471241218202078
log_CTD2_GDSC,90,4,0.6929088310541296,0.49565007933595073,0.5020538111430334
log_CTD2_GDSC,90,5,0.6893782558877173,0.4951282162777061,0.4978832707932078
log_CTD2_GDSC,90,6,0.7116755126537803,0.4903076495079748,0.5208223369296451
log_CTD2_GDSC,90,7,0.6827936672921189,0.4896045184221018,0.4287081805049946
log_CTD2_GDSC,90,8,0.6858698101815071,0.4937292588587663,0.3450920557170818
log_CTD2_GDSC,90,9,0.6760816684738356,0.4894709440551757,0.4750116663683563
log_CTD2_GDSC,95,0,0.6286917785361753,0.4912890078681249,-0.012321300038204683
log_CTD2_GDSC,95,1,0.6081913330590693,0.49366486057624354,0.20302872986133852
log_CTD2_GDSC,95,2,0.6581971280767367,0.4918626741706427,0.07807995646101784
log_CTD2_GDSC,95,3,0.6346358841403134,0.49224483984210543,0.24712650615782253
log_CTD2_GDSC,95,4,0.6268455269311152,0.49556114654561456,0.22844919130276575
log_CTD2_GDSC,95,5,0.5562297444676014,0.4945621251343893,0.0359260136795479
log_CTD2_GDSC,95,6,0.6191634767039751,0.4937441737259384,0.0069822247123412584
log_CTD2_GDSC,95,7,0.6367144493362263,0.4921292234572555,0.2348172853211646
log_CTD2_GDSC,95,8,0.6470114387717755,0.49445448074793114,0.16744036732609865
log_CTD2_GDSC,95,9,0.6230774310957384,0.4926149045046237,0.18537770483242696
log_REP_GDSC,30,0,0.8234774633307198,0.4998846349872228,0.7829214691280301
log_REP_GDSC,30,1,0.8069773419282711,0.5186977073009039,0.7936126649609391
log_REP_GDSC,30,2,0.7812593659037316,0.5090051603077004,0.7858170098531362
log_REP_GDSC,30,3,0.8199251503799507,0.5021236444508951,0.8089624839724693
log_REP_GDSC,30,4,0.7987118331888116,0.5056862357839155,0.8028837120375452
log_REP_GDSC,30,5,0.819688274356668,0.5080403113391634,0.7923956724115662
log_REP_GDSC,30,6,0.8076839826094653,0.5230817463491743,0.8027760893395418
log_REP_GDSC,30,7,0.7988181781170764,0.5063608708234831,0.7914932324876773
log_REP_GDSC,30,8,0.8305524240538996,0.5243456506449682,0.8191668679320443
log_REP_GDSC,30,9,0.8112123343324591,0.5109918781131421,0.8020834533939182
log_REP_GDSC,50,0,0.7762965676450344,0.5109801571802958,0.71247013773937
log_REP_GDSC,50,1,0.7708288041630244,0.5084126590458456,0.7598595247290997
log_REP_GDSC,50,2,0.7621658262462597,0.5126532787201059,0.7725465869216731
log_REP_GDSC,50,3,0.7455404381914046,0.5163641936274855,0.7388904790985587
log_REP_GDSC,50,4,0.76413592013029,0.5116800035354663,0.7480862958002996
log_REP_GDSC,50,5,0.7783235522428479,0.5158530512995552,0.7640984873964095
log_REP_GDSC,50,6,0.7706484265418692,0.5187514262674741,0.755517964798442
log_REP_GDSC,50,7,0.7738822544836539,0.5109185539740898,0.7524762219860672
log_REP_GDSC,50,8,0.7791367126386424,0.5127561800767472,0.7593593889405953
log_REP_GDSC,50,9,0.7708280698334017,0.5182622456528826,0.7586120080627735
log_REP_GDSC,70,0,0.7303313863325386,0.5142711449781263,0.6990975992326585
log_REP_GDSC,70,1,0.7488642910939536,0.5156265806228428,0.680587376604889
log_REP_GDSC,70,2,0.7353254199112899,0.5114653128494624,0.7136511886052432
log_REP_GDSC,70,3,0.7502525304636916,0.5145492934041599,0.6913784086692201
log_REP_GDSC,70,4,0.7424393295384193,0.5120390299861377,0.7066515565362765
log_REP_GDSC,70,5,0.7229033550664168,0.5131814066624275,0.6702189123492543
log_REP_GDSC,70,6,0.7442028394150958,0.5129488387826496,0.6894265833344062
log_REP_GDSC,70,7,0.7251636237200674,0.5129597161651323,0.7094103765151651
log_REP_GDSC,70,8,0.7414962109383392,0.5114614668596633,0.689113685940052
log_REP_GDSC,70,9,0.7409067691767942,0.5105391058595069,0.6810985763977135
log_REP_CTD2,30,0,0.7924122809928433,0.4991339137389802,0.7969353730681462
log_REP_CTD2,30,1,0.7937053705617575,0.5002447497562759,0.7917362566428315
log_REP_CTD2,30,2,0.7999749217180443,0.5117554920452986,0.7984233587534879
log_REP_CTD2,30,3,0.7719857891948495,0.5039454361374355,0.772957339390036
log_REP_CTD2,30,4,0.7902013131869763,0.496481560839649,0.7862004958213037
log_REP_CTD2,30,5,0.7864069626573141,0.4979893406471809,0.78297517548115
log_REP_CTD2,30,6,0.7871382139514437,0.49773167181785655,0.8068098502439917
log_REP_CTD2,30,7,0.7923638592538856,0.5042461313206335,0.7864162604475938
log_REP_CTD2,30,8,0.7965559171367891,0.499432237251927,0.7915835058149222
log_REP_CTD2,30,9,0.79928802326658,0.508166185039499,0.8041802158849559
log_REP_CTD2,50,0,0.7843944942905464,0.501000915658174,0.7709160036167637
log_REP_CTD2,50,1,0.7668314260034069,0.5025733635357794,0.7610810237934419
log_REP_CTD2,50,2,0.775816628168634,0.5091670640671265,0.7667117577065293
log_REP_CTD2,50,3,0.775641112375683,0.5101810616553165,0.7504711987307223
log_REP_CTD2,50,4,0.770558024290112,0.5046215263206715,0.7612477905656901
log_REP_CTD2,50,5,0.7789672227716572,0.49625012891997855,0.7587600684744187
log_REP_CTD2,50,6,0.7745381929173174,0.49513446785552395,0.7569057506204178
log_REP_CTD2,50,7,0.7860224999370806,0.50165867105811,0.7703936195232887
log_REP_CTD2,50,8,0.7682184946354913,0.4934481256331237,0.7676908486118108
log_REP_CTD2,50,9,0.7744195654558762,0.5027029174129255,0.7777430774396762
log_REP_CTD2,70,0,0.7497166953292322,0.5047792781916751,0.7237127980891641
log_REP_CTD2,70,1,0.7547311695247799,0.5066162496290333,0.7357293264394599
log_REP_CTD2,70,2,0.7554162401978337,0.5045951005551554,0.7118970839121991
log_REP_CTD2,70,3,0.7554351151402875,0.5064726660094879,0.708758638164441
log_REP_CTD2,70,4,0.7374364991213811,0.49840150346839235,0.7119566863895661
log_REP_CTD2,70,5,0.7402975687398125,0.5030841710971778,0.7205310011289608
log_REP_CTD2,70,6,0.7386193682451484,0.4991113763265291,0.7013915249157024
log_REP_CTD2,70,7,0.7590373249664921,0.5056394864925339,0.7220376524110388
log_REP_CTD2,70,8,0.7581051721121485,0.4973993022372612,0.7282077197668814
log_REP_CTD2,70,9,0.7449400651426303,0.5022700676948249,0.7252920974235963
log_GDSC_CTD2,30,0,0.8075693554059113,0.49654871766848324,0.7969353730681462
log_GDSC_CTD2,30,1,0.8028050882896334,0.49794965267013414,0.7917362566428315
log_GDSC_CTD2,30,2,0.8074697340545467,0.4861270264970303,0.7984233587534879
log_GDSC_CTD2,30,3,0.7773045062434085,0.505647845094739,0.772957339390036
log_GDSC_CTD2,30,4,0.7960588123237425,0.49516706757695605,0.7862004958213037
log_GDSC_CTD2,30,5,0.7882654282892688,0.4869329095545538,0.78297517548115
log_GDSC_CTD2,30,6,0.8053606403536422,0.4970857227144753,0.8068098502439917
log_GDSC_CTD2,30,7,0.7964900309139356,0.4829163833175971,0.7864162604475938
log_GDSC_CTD2,30,8,0.7930747845178955,0.49388953557641624,0.7915835058149222
log_GDSC_CTD2,30,9,0.7974445228229711,0.509129473938521,0.8041802158849559
log_GDSC_CTD2,50,0,0.7859705684173922,0.48299673095510615,0.7709160036167637
log_GDSC_CTD2,50,1,0.7788895683241032,0.48981968171277906,0.7610810237934419
log_GDSC_CTD2,50,2,0.7785405702510076,0.49012917149497126,0.7667117577065293
log_GDSC_CTD2,50,3,0.7692363668722978,0.49969156948460625,0.7504711987307223
log_GDSC_CTD2,50,4,0.7742000043078534,0.49721949883836347,0.7612477905656901
log_GDSC_CTD2,50,5,0.7843256399259038,0.4924197663221888,0.7587600684744187
log_GDSC_CTD2,50,6,0.7837660983961483,0.4950527552092013,0.7569057506204178
log_GDSC_CTD2,50,7,0.7794636063676846,0.4845741160588813,0.7703936195232887
log_GDSC_CTD2,50,8,0.7765991630453283,0.4920942478519822,0.7676908486118108
log_GDSC_CTD2,50,9,0.7746117944248117,0.49253756749837024,0.7777430774396762
log_GDSC_CTD2,70,0,0.7529183937502277,0.487190492584791,0.7237127980891641
log_GDSC_CTD2,70,1,0.7531950031962933,0.49418866118756355,0.7357293264394599
log_GDSC_CTD2,70,2,0.7437004000819671,0.4921314070169281,0.7118970839121991
log_GDSC_CTD2,70,3,0.7406457134896519,0.4948251411470045,0.708758638164441
log_GDSC_CTD2,70,4,0.7405011617226316,0.49138984948224246,0.7119566863895661
log_GDSC_CTD2,70,5,0.7371063055024273,0.49471501236815896,0.7205310011289608
log_GDSC_CTD2,70,6,0.7470095390355385,0.4920984132803817,0.7013915249157024
log_GDSC_CTD2,70,7,0.7467442403790588,0.4855760913450905,0.7220376524110388
log_GDSC_CTD2,70,8,0.7542662126555106,0.4905477414024614,0.7282077197668814
log_GDSC_CTD2,70,9,0.7415653942977544,0.4833501780809882,0.7252920974235963
log_GDSC_REP,30,0,0.8682049694861445,0.4998846349872228,0.866336546492062
log_GDSC_REP,30,1,0.8791207200513996,0.5186977073009038,0.8704140308220663
log_GDSC_REP,30,2,0.8769654124449165,0.5090051603077005,0.8714132263958272
log_GDSC_REP,30,3,0.8660719034066011,0.5021236444508951,0.8597157564673987
log_GDSC_REP,30,4,0.8604166440956159,0.5056862357839155,0.8576774737943093
log_GDSC_REP,30,5,0.8761543003922148,0.5080403113391634,0.8650548856974175
log_GDSC_REP,30,6,0.8731069799581413,0.5230817463491743,0.8610301875414592
log_GDSC_REP,30,7,0.8711872420590063,0.5063608708234831,0.8535515152851992
log_GDSC_REP,30,8,0.8715311088889164,0.5243456506449682,0.86119244754379
log_GDSC_REP,30,9,0.8730368357248469,0.5109918781131421,0.8698263187534659
log_GDSC_REP,50,0,0.8642165955221143,0.5109801571802958,0.860719972086834
log_GDSC_REP,50,1,0.8595833009658476,0.5084126590458456,0.8495219621501067
log_GDSC_REP,50,2,0.8687678985170613,0.5126532787201059,0.8537076249436788
log_GDSC_REP,50,3,0.86158796958484,0.5163641936274856,0.8504867152716726
log_GDSC_REP,50,4,0.8610470690393104,0.5116800035354664,0.8518005026744707
log_GDSC_REP,50,5,0.865075602088767,0.5158530512995552,0.8572287132144224
log_GDSC_REP,50,6,0.8621415437083085,0.5187514262674741,0.8519629468921724
log_GDSC_REP,50,7,0.8610437131905962,0.5109185539740899,0.8485015627989763
log_GDSC_REP,50,8,0.8637647634355329,0.5127561800767473,0.8529946422108764
log_GDSC_REP,50,9,0.8685671317089912,0.5182622456528826,0.8579131559958081
log_GDSC_REP,70,0,0.8466103815634635,0.5142711449781263,0.8351470085669277
log_GDSC_REP,70,1,0.840003602328045,0.5156265806228428,0.8288314897568241
log_GDSC_REP,70,2,0.8436869052815692,0.5114653128494623,0.8247301639476031
log_GDSC_REP,70,3,0.8436155811785501,0.5145492934041599,0.8274660263254457
log_GDSC_REP,70,4,0.8453255117707393,0.5120390299861377,0.8279945614129913
log_GDSC_REP,70,5,0.8445757199024218,0.5131814066624275,0.8316823767413403
log_GDSC_REP,70,6,0.8446920086202048,0.5129488387826496,0.8218183750832683
log_GDSC_REP,70,7,0.8370840906728995,0.5129597161651323,0.8331373385583114
log_GDSC_REP,70,8,0.8473160340010993,0.5114614668596633,0.8256861405714475
log_GDSC_REP,70,9,0.8486479323108698,0.5105391058595069,0.832463777037517
log_CTD2_REP,30,0,0.8709350085747871,0.49913391373898014,0.866336546492062
log_CTD2_REP,30,1,0.8770538892933885,0.5002447497562759,0.8704140308220663
log_CTD2_REP,30,2,0.8766821595992387,0.5117554920452986,0.8714132263958272
log_CTD2_REP,30,3,0.8726648413570844,0.5039454361374355,0.8597157564673987
log_CTD2_REP,30,4,0.8618640853398225,0.496481560839649,0.8576774737943093
log_CTD2_REP,30,5,0.8799900391559666,0.49798934064718087,0.8650548856974175
log_CTD2_REP,30,6,0.8756896404185077,0.49773167181785655,0.8610301875414592
log_CTD2_REP,30,7,0.8664996318807567,0.5042461313206335,0.8535515152851992
log_CTD2_REP,30,8,0.8745273179596528,0.4994322372519269,0.86119244754379
log_CTD2_REP,30,9,0.8767432665737384,0.508166185039499,0.8698263187534659
log_CTD2_REP,50,0,0.8707627228577969,0.5010009156581742,0.860719972086834
log_CTD2_REP,50,1,0.8644843216967671,0.5025733635357794,0.8495219621501067
log_CTD2_REP,50,2,0.8732884600501479,0.5091670640671266,0.8537076249436788
log_CTD2_REP,50,3,0.8651094590370998,0.5101810616553166,0.8504867152716726
log_CTD2_REP,50,4,0.8669598507246075,0.5046215263206714,0.8518005026744707
log_CTD2_REP,50,5,0.8674809139439413,0.49625012891997855,0.8572287132144224
log_CTD2_REP,50,6,0.8660820696424034,0.495134467855524,0.8519629468921724
log_CTD2_REP,50,7,0.8667751134714169,0.50165867105811,0.8485015627989763
log_CTD2_REP,50,8,0.8679675593812506,0.4934481256331237,0.8529946422108764
log_CTD2_REP,50,9,0.8749228265330753,0.5027029174129255,0.8579131559958081
log_CTD2_REP,70,0,0.859858160724949,0.5047792781916751,0.8351470085669277
log_CTD2_REP,70,1,0.8512998088976547,0.5066162496290333,0.8288314897568241
log_CTD2_REP,70,2,0.8522532486701848,0.5045951005551554,0.8247301639476031
log_CTD2_REP,70,3,0.8496839775607896,0.5064726660094879,0.8274660263254457
log_CTD2_REP,70,4,0.8492417652595057,0.4984015034683924,0.8279945614129913
log_CTD2_REP,70,5,0.8560779577400256,0.5030841710971778,0.8316823767413403
log_CTD2_REP,70,6,0.8490144522655688,0.49911137632652913,0.8218183750832683
log_CTD2_REP,70,7,0.8535318618183718,0.5056394864925339,0.8331373385583114
log_CTD2_REP,70,8,0.8526091654149075,0.4973993022372612,0.8256861405714475
log_CTD2_REP,70,9,0.8571240575579916,0.5022700676948249,0.832463777037517
log_CTD2_GDSC,30,0,0.819761986059733,0.49654871766848324,0.7829214691280301
log_CTD2_GDSC,30,1,0.8110054601720196,0.4979496526701342,0.7936126649609391
log_CTD2_GDSC,30,2,0.7988687572526801,0.4861270264970303,0.7858170098531362
log_CTD2_GDSC,30,3,0.8143422661842041,0.5056478450947389,0.8089624839724693
log_CTD2_GDSC,30,4,0.8176280562899504,0.49516706757695594,0.8028837120375452
log_CTD2_GDSC,30,5,0.8265769093210368,0.4869329095545536,0.7923956724115662
log_CTD2_GDSC,30,6,0.8154614967713337,0.4970857227144754,0.8027760893395418
log_CTD2_GDSC,30,7,0.808435829914492,0.48291638331759756,0.7914932324876773
log_CTD2_GDSC,30,8,0.8326959123551355,0.4938895355764162,0.8191668679320443
log_CTD2_GDSC,30,9,0.8193824103457656,0.509129473938521,0.8020834533939182
log_CTD2_GDSC,50,0,0.79257751211934,0.48299673095510615,0.71247013773937
log_CTD2_GDSC,50,1,0.7897286447923206,0.489819681712779,0.7598595247290997
log_CTD2_GDSC,50,2,0.7662462343775598,0.49012917149497126,0.7725465869216731
log_CTD2_GDSC,50,3,0.7826706676028531,0.4996915694846062,0.7388904790985587
log_CTD2_GDSC,50,4,0.7798168753666188,0.49721949883836347,0.7480862958002996
log_CTD2_GDSC,50,5,0.7894336988229357,0.4924197663221888,0.7640984873964095
log_CTD2_GDSC,50,6,0.7867009172984479,0.49505275520920133,0.755517964798442
log_CTD2_GDSC,50,7,0.7522945074853035,0.48457411605888123,0.7524762219860672
log_CTD2_GDSC,50,8,0.8014800834149081,0.4920942478519822,0.7593593889405953
log_CTD2_GDSC,50,9,0.7873544043773218,0.4925375674983703,0.7586120080627735
log_CTD2_GDSC,70,0,0.7455398457289201,0.487190492584791,0.6990975992326585
log_CTD2_GDSC,70,1,0.7490152545499222,0.4941886611875636,0.680587376604889
log_CTD2_GDSC,70,2,0.7489269536606907,0.4921314070169281,0.7136511886052432
log_CTD2_GDSC,70,3,0.7497545694338047,0.49482514114700443,0.6913784086692201
log_CTD2_GDSC,70,4,0.7497559433440233,0.49138984948224246,0.7066515565362765
log_CTD2_GDSC,70,5,0.7424588021818957,0.49471501236815896,0.6702189123492543
log_CTD2_GDSC,70,6,0.734755422542708,0.49209841328038173,0.6894265833344062
log_CTD2_GDSC,70,7,0.7553377585789502,0.4855760913450905,0.7094103765151651
log_CTD2_GDSC,70,8,0.7462677153572416,0.4905477414024614,0.689113685940052
log_CTD2_GDSC,70,9,0.7552169692114415,0.4833501780809882,0.6810985763977135
