source,target,pair,percent-heldout,percent-used,seed,transfer,target_only_mean,percent-to-match-TL,efficiency-gain
REP,GDSC,REP_GDSC,20,80,0,0.8107095667495487,0.8133565718486666,78.25226043817568,0.978153255477196
REP,GDSC,REP_GDSC,20,80,1,0.8188090419256187,0.8133565718486666,84.53567083425,1.056695885428125
REP,GDSC,REP_GDSC,20,80,2,0.8123283174377828,0.8133565718486666,79.32107387548254,0.9915134234435318
REP,GDSC,REP_GDSC,20,80,3,0.8278241680091389,0.8133565718486666,90.0,1.125
REP,GDSC,REP_GDSC,20,80,4,0.8290225398403617,0.8133565718486666,90.0,1.125
REP,GDSC,REP_GDSC,20,80,5,0.8307414037302333,0.8133565718486666,90.0,1.125
REP,GDSC,REP_GDSC,20,80,6,0.8227339966860396,0.8133565718486666,87.80066863916115,1.0975083579895144
REP,GDSC,REP_GDSC,20,80,7,0.8181878006850848,0.8133565718486666,84.01888747992523,1.0502360934990653
REP,GDSC,REP_GDSC,20,80,8,0.8293675796245689,0.8133565718486666,90.0,1.125
REP,GDSC,REP_GDSC,20,80,9,0.8202729330306151,0.8133565718486666,85.75341767114085,1.0719177208892607
REP,GDSC,REP_GDSC,40,60,0,0.8117054516102714,0.7785321580262476,78.9098139014036,1.3151635650233933
REP,GDSC,REP_GDSC,40,60,1,0.7981578148509044,0.7785321580262476,69.97283885932671,1.1662139809887786
REP,GDSC,REP_GDSC,40,60,2,0.7752119313256394,0.7785321580262476,58.739495000145666,0.9789915833357611
REP,GDSC,REP_GDSC,40,60,3,0.8051279638689253,0.7785321580262476,74.56689233060791,1.2427815388434653
REP,GDSC,REP_GDSC,40,60,4,0.8019940335901663,0.7785321580262476,72.49765040356687,1.208294173392781
REP,GDSC,REP_GDSC,40,60,5,0.7945733980200279,0.7785321580262476,68.15140624291209,1.1358567707152014
REP,GDSC,REP_GDSC,40,60,6,0.8048111246970914,0.7785321580262476,74.35769275047326,1.2392948791745544
REP,GDSC,REP_GDSC,40,60,7,0.7997468428174905,0.7785321580262476,71.01389647438823,1.183564941239804
REP,GDSC,REP_GDSC,40,60,8,0.8255224460613606,0.7785321580262476,90.0,1.5
REP,GDSC,REP_GDSC,40,60,9,0.7923175639052393,0.7785321580262476,67.00509708642596,1.1167516181070993
REP,GDSC,REP_GDSC,60,40,0,0.7627028093815545,0.7301407530705869,53.9904786900793,1.3497619672519825
REP,GDSC,REP_GDSC,60,40,1,0.7472247926710233,0.7301407530705869,47.74752769498031,1.1936881923745077
REP,GDSC,REP_GDSC,60,40,2,0.7533881173825313,0.7301407530705869,50.4542093640357,1.2613552341008925
REP,GDSC,REP_GDSC,60,40,3,0.749996358412599,0.7301407530705869,49.004419088557306,1.2251104772139327
REP,GDSC,REP_GDSC,60,40,4,0.7551874805365801,0.7301407530705869,51.13732725228613,1.2784331813071532
REP,GDSC,REP_GDSC,60,40,5,0.766751237111306,0.7301407530705869,55.52744102881531,1.3881860257203829
REP,GDSC,REP_GDSC,60,40,6,0.7498534759131278,0.7301407530705869,48.93962257978819,1.2234905644947047
REP,GDSC,REP_GDSC,60,40,7,0.7392819234093233,0.7301407530705869,44.14547566151064,1.103636891537766
REP,GDSC,REP_GDSC,60,40,8,0.764180118084524,0.7301407530705869,54.55133045543622,1.3637832613859056
REP,GDSC,REP_GDSC,60,40,9,0.7634503197764287,0.7301407530705869,54.274266718773056,1.3568566679693264
REP,GDSC,REP_GDSC,80,20,0,0.7230108610562358,0.6163155535080359,38.07702101037334,1.9038510505186672
REP,GDSC,REP_GDSC,80,20,1,0.7201661659809739,0.6163155535080359,37.30978795121728,1.865489397560864
REP,GDSC,REP_GDSC,80,20,2,0.723319168605539,0.6163155535080359,38.16017359367475,1.9080086796837374
REP,GDSC,REP_GDSC,80,20,3,0.7169784816771377,0.6163155535080359,36.45004843068857,1.8225024215344283
REP,GDSC,REP_GDSC,80,20,4,0.7290197884949446,0.6163155535080359,39.69766844676791,1.9848834223383958
REP,GDSC,REP_GDSC,80,20,5,0.704586047183279,0.6163155535080359,33.10772696017414,1.655386348008707
REP,GDSC,REP_GDSC,80,20,6,0.7326124555685559,0.6163155535080359,41.12090489162048,2.056045244581024
REP,GDSC,REP_GDSC,80,20,7,0.6955915469667746,0.6163155535080359,30.68185081734949,1.5340925408674744
REP,GDSC,REP_GDSC,80,20,8,0.7278206531186787,0.6163155535080359,39.37425371206561,1.9687126856032804
REP,GDSC,REP_GDSC,80,20,9,0.7169057808066173,0.6163155535080359,36.43044052551174,1.8215220262755871
REP,GDSC,REP_GDSC,10,90,0,0.8207359461055137,0.8253778808814541,86.13857795080403,0.9570953105644893
REP,GDSC,REP_GDSC,10,90,1,0.8296148805339427,0.8253778808814541,90.0,1.0
REP,GDSC,REP_GDSC,10,90,2,0.8089899847531751,0.8253778808814541,77.11687105571296,0.8568541228412552
REP,GDSC,REP_GDSC,10,90,3,0.8417915735937559,0.8253778808814541,90.0,1.0
REP,GDSC,REP_GDSC,10,90,4,0.8094087723910824,0.8253778808814541,77.39338420750764,0.8599264911945294
REP,GDSC,REP_GDSC,10,90,5,0.8583345882374946,0.8253778808814541,90.0,1.0
REP,GDSC,REP_GDSC,10,90,6,0.833400677504981,0.8253778808814541,90.0,1.0
REP,GDSC,REP_GDSC,10,90,7,0.8414863416524693,0.8253778808814541,90.0,1.0
REP,GDSC,REP_GDSC,10,90,8,0.8507784472605238,0.8253778808814541,90.0,1.0
REP,GDSC,REP_GDSC,10,90,9,0.8383558705848488,0.8253778808814541,90.0,1.0
REP,GDSC,REP_GDSC,85,15,0,0.735570149478033,0.5498287297456129,42.46220449129847,2.8308136327532316
REP,GDSC,REP_GDSC,85,15,1,0.7155556792612026,0.5498287297456129,36.06630921742611,2.404420614495074
REP,GDSC,REP_GDSC,85,15,2,0.716588994342044,0.5498287297456129,36.34500112273449,2.4230000748489657
REP,GDSC,REP_GDSC,85,15,3,0.7146161965477174,0.5498287297456129,35.81292452162523,2.387528301441682
REP,GDSC,REP_GDSC,85,15,4,0.7170659350294311,0.5498287297456129,36.47363517768193,2.4315756785121283
REP,GDSC,REP_GDSC,85,15,5,0.7127754492173022,0.5498287297456129,35.31646280320439,2.354430853546959
REP,GDSC,REP_GDSC,85,15,6,0.7162237879222202,0.5498287297456129,36.24650253807368,2.4164335025382453
REP,GDSC,REP_GDSC,85,15,7,0.7121660714812397,0.5498287297456129,35.15210960110318,2.3434739734068786
REP,GDSC,REP_GDSC,85,15,8,0.7071720643813006,0.5498287297456129,33.805192886530314,2.2536795257686877
REP,GDSC,REP_GDSC,85,15,9,0.6913573893442485,0.5498287297456129,29.777708878494927,1.985180591899662
REP,GDSC,REP_GDSC,90,10,0,0.6849446694000315,0.4558483499769651,28.942152178220084,2.8942152178220084
REP,GDSC,REP_GDSC,90,10,1,0.7041883338723199,0.4558483499769651,33.00046105217305,3.300046105217305
REP,GDSC,REP_GDSC,90,10,2,0.69710300078214,0.4558483499769651,31.089499898834674,3.1089499898834676
REP,GDSC,REP_GDSC,90,10,3,0.6956148171339956,0.4558483499769651,30.6881269352151,3.06881269352151
REP,GDSC,REP_GDSC,90,10,4,0.7092328697310284,0.4558483499769651,34.36100570687319,3.4361005706873193
REP,GDSC,REP_GDSC,90,10,5,0.6862861855915858,0.4558483499769651,29.116947405850638,2.9116947405850637
REP,GDSC,REP_GDSC,90,10,6,0.7084046684639675,0.4558483499769651,34.137634352505614,3.4137634352505613
REP,GDSC,REP_GDSC,90,10,7,0.6996766529959788,0.4558483499769651,31.783630907250583,3.178363090725058
REP,GDSC,REP_GDSC,90,10,8,0.6817993472363377,0.4558483499769651,28.532326857411043,2.853232685741104
REP,GDSC,REP_GDSC,90,10,9,0.6660663895716192,0.4558483499769651,26.482373279795226,2.6482373279795226
REP,GDSC,REP_GDSC,95,5,0,0.679204116540325,0.13749066796163192,28.194176678442457,5.6388353356884915
REP,GDSC,REP_GDSC,95,5,1,0.5910975154489428,0.13749066796163192,18.103531148577307,3.6207062297154615
REP,GDSC,REP_GDSC,95,5,2,0.6176172609087555,0.13749066796163192,20.169608270738443,4.033921654147688
REP,GDSC,REP_GDSC,95,5,3,0.662329164071555,0.13749066796163192,25.995424865677634,5.199084973135527
REP,GDSC,REP_GDSC,95,5,4,0.5781517673973534,0.13749066796163192,17.129973733814317,3.4259947467628633
REP,GDSC,REP_GDSC,95,5,5,0.5979151488155022,0.13749066796163192,18.616236748029674,3.723247349605935
REP,GDSC,REP_GDSC,95,5,6,0.6330995040517624,0.13749066796163192,22.18689455580218,4.437378911160436
REP,GDSC,REP_GDSC,95,5,7,0.6631896013629621,0.13749066796163192,26.107537066156613,5.221507413231323
REP,GDSC,REP_GDSC,95,5,8,0.5967511966797324,0.13749066796163192,18.528704206248992,3.7057408412497983
REP,GDSC,REP_GDSC,95,5,9,0.5270501266679944,0.13749066796163192,13.788119225859019,2.757623845171804
REP,GDSC,REP_GDSC,30,70,0,0.8234774633307198,0.7982112655516868,88.41912594913663,1.2631303707019519
REP,GDSC,REP_GDSC,30,70,1,0.8069773419282711,0.7982112655516868,75.7879822333685,1.082685460476693
REP,GDSC,REP_GDSC,30,70,2,0.7812593659037316,0.7982112655516868,61.385839207371816,0.8769405601053116
REP,GDSC,REP_GDSC,30,70,3,0.8199251503799507,0.7982112655516868,85.46411252998209,1.2209158932854585
REP,GDSC,REP_GDSC,30,70,4,0.7987118331888116,0.7982112655516868,70.3305100783763,1.004721572548233
REP,GDSC,REP_GDSC,30,70,5,0.819688274356668,0.7982112655516868,85.26706575027063,1.2181009392895805
REP,GDSC,REP_GDSC,30,70,6,0.8076839826094653,0.7982112655516868,76.25455627772116,1.089350803967445
REP,GDSC,REP_GDSC,30,70,7,0.7988181781170764,0.7982112655516868,70.40072650462719,1.005724664351817
REP,GDSC,REP_GDSC,30,70,8,0.8305524240538996,0.7982112655516868,90.0,1.2857142857142858
REP,GDSC,REP_GDSC,30,70,9,0.8112123343324591,0.7982112655516868,78.58422307600665,1.1226317582286665
REP,GDSC,REP_GDSC,50,50,0,0.7762965676450344,0.7521917095473288,59.15127095007419,1.183025419001484
REP,GDSC,REP_GDSC,50,50,1,0.7708288041630244,0.7521917095473288,57.07546594379797,1.1415093188759595
REP,GDSC,REP_GDSC,50,50,2,0.7621658262462597,0.7521917095473288,53.78661612649213,1.0757323225298425
REP,GDSC,REP_GDSC,50,50,3,0.7455404381914046,0.7521917095473288,46.983681246235456,0.9396736249247091
REP,GDSC,REP_GDSC,50,50,4,0.76413592013029,0.7521917095473288,54.5345509559264,1.090691019118528
REP,GDSC,REP_GDSC,50,50,5,0.7783235522428479,0.7521917095473288,59.92080401229056,1.1984160802458113
REP,GDSC,REP_GDSC,50,50,6,0.7706484265418692,0.7521917095473288,57.006986615779105,1.1401397323155822
REP,GDSC,REP_GDSC,50,50,7,0.7738822544836539,0.7521917095473288,58.23469082300735,1.164693816460147
REP,GDSC,REP_GDSC,50,50,8,0.7791367126386424,0.7521917095473288,60.30720631594355,1.206144126318871
REP,GDSC,REP_GDSC,50,50,9,0.7708280698334017,0.7521917095473288,57.075187159773755,1.141503743195475
REP,GDSC,REP_GDSC,70,30,0,0.7303313863325386,0.6930634264184878,40.08645124403232,1.3362150414677438
REP,GDSC,REP_GDSC,70,30,1,0.7488642910939536,0.6930634264184878,48.49103214326108,1.6163677381087027
REP,GDSC,REP_GDSC,70,30,2,0.7353254199112899,0.6930634264184878,42.35122083986309,1.4117073613287696
REP,GDSC,REP_GDSC,70,30,3,0.7502525304636916,0.6930634264184878,49.12059185020722,1.637353061673574
REP,GDSC,REP_GDSC,70,30,4,0.7424393295384193,0.6930634264184878,45.577343767742775,1.5192447922580925
REP,GDSC,REP_GDSC,70,30,5,0.7229033550664168,0.6930634264184878,38.0480259345342,1.26826753115114
REP,GDSC,REP_GDSC,70,30,6,0.7442028394150958,0.6930634264184878,46.37708679863423,1.5459028932878076
REP,GDSC,REP_GDSC,70,30,7,0.7251636237200674,0.6930634264184878,38.65763532597144,1.288587844199048
REP,GDSC,REP_GDSC,70,30,8,0.7414962109383392,0.6930634264184878,45.14964413436186,1.504988137812062
REP,GDSC,REP_GDSC,70,30,9,0.7409067691767942,0.6930634264184878,44.88233520281203,1.4960778400937342
REP,CTD2,REP_CTD2,20,80,0,0.8150520615080662,0.8044317661139617,84.98040833554148,1.0622551041942685
REP,CTD2,REP_CTD2,20,80,1,0.7864007353221251,0.8044317661139617,65.99258379995283,0.8249072974994103
REP,CTD2,REP_CTD2,20,80,2,0.7893236065448643,0.8044317661139617,68.15326598725366,0.8519158248406707
REP,CTD2,REP_CTD2,20,80,3,0.7836307054506138,0.8044317661139617,63.9448869479319,0.7993110868491488
REP,CTD2,REP_CTD2,20,80,4,0.8015251158746911,0.8044317661139617,77.69496100931013,0.9711870126163766
REP,CTD2,REP_CTD2,20,80,5,0.7989953005481624,0.8044317661139617,75.68876057689867,0.9461095072112334
REP,CTD2,REP_CTD2,20,80,6,0.8104625343146633,0.8044317661139617,82.82814056501348,1.0353517570626685
REP,CTD2,REP_CTD2,20,80,7,0.8077105712533507,0.8044317661139617,81.53760209493738,1.0192200261867173
REP,CTD2,REP_CTD2,20,80,8,0.8099781231414486,0.8044317661139617,82.60097499613039,1.0325121874516299
REP,CTD2,REP_CTD2,20,80,9,0.8017881039931753,0.8044317661139617,77.90351650009613,0.9737939562512017
REP,CTD2,REP_CTD2,40,60,0,0.7904087053050759,0.778294244306611,68.9554065483606,1.14925677580601
REP,CTD2,REP_CTD2,40,60,1,0.787678488873758,0.778294244306611,66.9371410959757,1.1156190182662618
REP,CTD2,REP_CTD2,40,60,2,0.7817441774138509,0.778294244306611,62.55030360359389,1.0425050600598982
REP,CTD2,REP_CTD2,40,60,3,0.7693754187883886,0.778294244306611,53.675547405748425,0.8945924567624738
REP,CTD2,REP_CTD2,40,60,4,0.7806284276532962,0.778294244306611,61.725504818631876,1.0287584136438646
REP,CTD2,REP_CTD2,40,60,5,0.7837472090690285,0.778294244306611,64.03101024036657,1.0671835040061095
REP,CTD2,REP_CTD2,40,60,6,0.7860798242357251,0.778294244306611,65.7553558089632,1.0959225968160533
REP,CTD2,REP_CTD2,40,60,7,0.7910023994225972,0.778294244306611,69.3942846947715,1.156571411579525
REP,CTD2,REP_CTD2,40,60,8,0.7911461623531992,0.778294244306611,69.50055896403433,1.1583426494005722
REP,CTD2,REP_CTD2,40,60,9,0.7838547655496797,0.778294244306611,64.110519515378,1.0685086585896333
REP,CTD2,REP_CTD2,60,40,0,0.7727071917006955,0.7467951979338168,56.038149947489394,1.4009537486872348
REP,CTD2,REP_CTD2,60,40,1,0.7620235051866296,0.7467951979338168,48.75345220679915,1.2188363051699789
REP,CTD2,REP_CTD2,60,40,2,0.7624204477376579,0.7467951979338168,48.98162055089592,1.224540513772398
REP,CTD2,REP_CTD2,60,40,3,0.765324585201605,0.7467951979338168,50.80304979555625,1.2700762448889062
REP,CTD2,REP_CTD2,60,40,4,0.7575208008786816,0.7467951979338168,46.165232366823716,1.1541308091705929
REP,CTD2,REP_CTD2,60,40,5,0.7635333624917768,0.7467951979338168,49.62134011714134,1.2405335029285334
REP,CTD2,REP_CTD2,60,40,6,0.7683646678778497,0.7467951979338168,52.95881108152741,1.3239702770381852
REP,CTD2,REP_CTD2,60,40,7,0.7722243547349579,0.7467951979338168,55.69576411492427,1.3923941028731068
REP,CTD2,REP_CTD2,60,40,8,0.7652418050718598,0.7467951979338168,50.74434935285226,1.2686087338213066
REP,CTD2,REP_CTD2,60,40,9,0.7721323438624228,0.7467951979338168,55.63051803512208,1.390762950878052
REP,CTD2,REP_CTD2,80,20,0,0.7187184647289125,0.6713662236539766,29.95103771925535,1.4975518859627674
REP,CTD2,REP_CTD2,80,20,1,0.7366263417948549,0.6713662236539766,36.34788491508563,1.8173942457542815
REP,CTD2,REP_CTD2,80,20,2,0.7319090220619604,0.6713662236539766,34.653673263210806,1.7326836631605402
REP,CTD2,REP_CTD2,80,20,3,0.7192725823870826,0.6713662236539766,30.115332733501734,1.5057666366750868
REP,CTD2,REP_CTD2,80,20,4,0.7124263251803703,0.6713662236539766,28.628749342591718,1.431437467129586
REP,CTD2,REP_CTD2,80,20,5,0.7315229257565276,0.6713662236539766,34.51500789888351,1.7257503949441755
REP,CTD2,REP_CTD2,80,20,6,0.7250564221682645,0.6713662236539766,32.19258195651402,1.6096290978257008
REP,CTD2,REP_CTD2,80,20,7,0.7407176733462283,0.6713662236539766,37.81727473356352,1.8908637366781762
REP,CTD2,REP_CTD2,80,20,8,0.7267106804594575,0.6713662236539766,32.786704006924644,1.6393352003462323
REP,CTD2,REP_CTD2,80,20,9,0.734776060825979,0.6713662236539766,35.68336189052731,1.7841680945263654
REP,CTD2,REP_CTD2,10,90,0,0.825528718140054,0.8257559120044007,89.8934569921281,0.9988161888014233
REP,CTD2,REP_CTD2,10,90,1,0.7967441690022375,0.8257559120044007,73.90356264822364,0.8211506960913738
REP,CTD2,REP_CTD2,10,90,2,0.7973321369052386,0.8257559120044007,74.36983441473372,0.8263314934970413
REP,CTD2,REP_CTD2,10,90,3,0.7907871249716967,0.8257559120044007,69.23514676634582,0.7692794085149536
REP,CTD2,REP_CTD2,10,90,4,0.8463291229204867,0.8257559120044007,90.0,1.0
REP,CTD2,REP_CTD2,10,90,5,0.8264113039905819,0.8257559120044007,90.0,1.0
REP,CTD2,REP_CTD2,10,90,6,0.8437159843634946,0.8257559120044007,90.0,1.0
REP,CTD2,REP_CTD2,10,90,7,0.8058837829816958,0.8257559120044007,80.68092615535197,0.8964547350594663
REP,CTD2,REP_CTD2,10,90,8,0.8364512318969438,0.8257559120044007,90.0,1.0
REP,CTD2,REP_CTD2,10,90,9,0.8233651932502387,0.8257559120044007,88.87886775562069,0.9875429750624521
REP,CTD2,REP_CTD2,85,15,0,0.699515897989915,0.6191309951615469,25.91563281362721,1.727708854241814
REP,CTD2,REP_CTD2,85,15,1,0.7096329877816239,0.6191309951615469,28.041731596725292,1.8694487731150196
REP,CTD2,REP_CTD2,85,15,2,0.7067645213879655,0.6191309951615469,27.438925549287354,1.8292617032858236
REP,CTD2,REP_CTD2,85,15,3,0.700419820381522,0.6191309951615469,26.10559142192044,1.7403727614613627
REP,CTD2,REP_CTD2,85,15,4,0.7082940077905318,0.6191309951615469,27.76034596229249,1.8506897308194994
REP,CTD2,REP_CTD2,85,15,5,0.7141989740488295,0.6191309951615469,29.001270164259214,1.9334180109506143
REP,CTD2,REP_CTD2,85,15,6,0.7015755239431879,0.6191309951615469,26.348461653050915,1.7565641102033944
REP,CTD2,REP_CTD2,85,15,7,0.7391314659297546,0.6191309951615469,37.247592956740014,2.4831728637826678
REP,CTD2,REP_CTD2,85,15,8,0.7149084217227704,0.6191309951615469,29.150360057429243,1.9433573371619495
REP,CTD2,REP_CTD2,85,15,9,0.7133892147217098,0.6191309951615469,28.831099852891377,1.9220733235260918
REP,CTD2,REP_CTD2,90,10,0,0.6687060495554553,0.5285292535988787,19.745365898140296,1.9745365898140297
REP,CTD2,REP_CTD2,90,10,1,0.6711629116536245,0.5285292535988787,19.98053880434528,1.998053880434528
REP,CTD2,REP_CTD2,90,10,2,0.6999197184044615,0.5285292535988787,26.000495368930537,2.600049536893054
REP,CTD2,REP_CTD2,90,10,3,0.6754268450936285,0.5285292535988787,20.85333653048538,2.085333653048538
REP,CTD2,REP_CTD2,90,10,4,0.6671091574469208,0.5285292535988787,19.592510042559425,1.9592510042559426
REP,CTD2,REP_CTD2,90,10,5,0.6752388564717091,0.5285292535988787,20.813830863487482,2.0813830863487484
REP,CTD2,REP_CTD2,90,10,6,0.6541421418502641,0.5285292535988787,18.351296404665987,1.8351296404665987
REP,CTD2,REP_CTD2,90,10,7,0.6990429209738185,0.5285292535988787,25.816237050709276,2.5816237050709274
REP,CTD2,REP_CTD2,90,10,8,0.6918186184154395,0.5285292535988787,24.29805532114813,2.429805532114813
REP,CTD2,REP_CTD2,90,10,9,0.6618521695184962,0.5285292535988787,19.08930673703675,1.908930673703675
REP,CTD2,REP_CTD2,95,5,0,0.5771723815046307,0.05883517862322711,12.684447730627014,2.5368895461254026
REP,CTD2,REP_CTD2,95,5,1,0.614133504816563,0.05883517862322711,14.724205613557265,2.944841122711453
REP,CTD2,REP_CTD2,95,5,2,0.5964704533662025,0.05883517862322711,13.749442262118642,2.749888452423728
REP,CTD2,REP_CTD2,95,5,3,0.6020907230908266,0.05883517862322711,14.059605710838694,2.811921142167739
REP,CTD2,REP_CTD2,95,5,4,0.6080886886272436,0.05883517862322711,14.390612898612693,2.8781225797225387
REP,CTD2,REP_CTD2,95,5,5,0.6075521040663272,0.05883517862322711,14.361000633348162,2.8722001266696324
REP,CTD2,REP_CTD2,95,5,6,0.5175424611497018,0.05883517862322711,9.883043101515105,1.9766086203030209
REP,CTD2,REP_CTD2,95,5,7,0.60332662640115,0.05883517862322711,14.127810984214623,2.8255621968429248
REP,CTD2,REP_CTD2,95,5,8,0.6014810913219539,0.05883517862322711,14.02596222019724,2.805192444039448
REP,CTD2,REP_CTD2,95,5,9,0.6086727837720491,0.05883517862322711,14.422847110380106,2.884569422076021
REP,CTD2,REP_CTD2,30,70,0,0.7924122809928433,0.7918217831548419,70.46827806184655,1.0066896865978079
REP,CTD2,REP_CTD2,30,70,1,0.7937053705617575,0.7918217831548419,71.49372716285345,1.021338959469335
REP,CTD2,REP_CTD2,30,70,2,0.7999749217180443,0.7918217831548419,76.46562218968415,1.0923660312812022
REP,CTD2,REP_CTD2,30,70,3,0.7719857891948495,0.7918217831548419,55.526594256633544,0.7932370608090507
REP,CTD2,REP_CTD2,30,70,4,0.7902013131869763,0.7918217831548419,68.80209549863721,0.9828870785519602
REP,CTD2,REP_CTD2,30,70,5,0.7864069626573141,0.7918217831548419,65.99718725018788,0.9428169607169696
REP,CTD2,REP_CTD2,30,70,6,0.7871382139514437,0.7918217831548419,66.5377521691533,0.9505393167021899
REP,CTD2,REP_CTD2,30,70,7,0.7923638592538856,0.7918217831548419,70.42987853417496,1.006141121916785
REP,CTD2,REP_CTD2,30,70,8,0.7965559171367891,0.7918217831548419,73.75427468640898,1.0536324955201282
REP,CTD2,REP_CTD2,30,70,9,0.79928802326658,0.7918217831548419,75.92089627396234,1.0845842324851762
REP,CTD2,REP_CTD2,50,50,0,0.7843944942905464,0.7641921139082759,64.50950468697654,1.2901900937395308
REP,CTD2,REP_CTD2,50,50,1,0.7668314260034069,0.7641921139082759,51.8715697703679,1.037431395407358
REP,CTD2,REP_CTD2,50,50,2,0.775816628168634,0.7641921139082759,58.243090889111656,1.1648618177822332
REP,CTD2,REP_CTD2,50,50,3,0.775641112375683,0.7641921139082759,58.11863040832383,1.1623726081664767
REP,CTD2,REP_CTD2,50,50,4,0.770558024290112,0.7641921139082759,54.514148006025856,1.090282960120517
REP,CTD2,REP_CTD2,50,50,5,0.7789672227716572,0.7641921139082759,60.49748773416698,1.2099497546833395
REP,CTD2,REP_CTD2,50,50,6,0.7745381929173174,0.7641921139082759,57.33653619474613,1.1467307238949227
REP,CTD2,REP_CTD2,50,50,7,0.7860224999370806,0.7641921139082759,65.71297980894754,1.3142595961789507
REP,CTD2,REP_CTD2,50,50,8,0.7682184946354913,0.7641921139082759,52.85515777650925,1.057103155530185
REP,CTD2,REP_CTD2,50,50,9,0.7744195654558762,0.7641921139082759,57.252415953271694,1.145048319065434
REP,CTD2,REP_CTD2,70,30,0,0.7497166953292322,0.718951452864101,41.67931913892359,1.3893106379641196
REP,CTD2,REP_CTD2,70,30,1,0.7547311695247799,0.718951452864101,44.56171174397471,1.4853903914658237
REP,CTD2,REP_CTD2,70,30,2,0.7554162401978337,0.718951452864101,44.955500317799846,1.498516677259995
REP,CTD2,REP_CTD2,70,30,3,0.7554351151402875,0.718951452864101,44.96634990888914,1.4988783302963047
REP,CTD2,REP_CTD2,70,30,4,0.7374364991213811,0.718951452864101,36.6388505608699,1.2212950186956633
REP,CTD2,REP_CTD2,70,30,5,0.7402975687398125,0.718951452864101,37.66639538692248,1.2555465128974161
REP,CTD2,REP_CTD2,70,30,6,0.7386193682451484,0.718951452864101,37.06367456382123,1.235455818794041
REP,CTD2,REP_CTD2,70,30,7,0.7590373249664921,0.718951452864101,47.03695244067876,1.567898414689292
REP,CTD2,REP_CTD2,70,30,8,0.7581051721121485,0.718951452864101,46.5011374400705,1.5500379146690166
REP,CTD2,REP_CTD2,70,30,9,0.7449400651426303,0.718951452864101,39.333734457580505,1.3111244819193502
GDSC,CTD2,GDSC_CTD2,20,80,0,0.8179037787334736,0.8044317661139617,86.31772671633817,1.078971583954227
GDSC,CTD2,GDSC_CTD2,20,80,1,0.7966919863815396,0.8044317661139617,73.86218065677518,0.9232772582096898
GDSC,CTD2,GDSC_CTD2,20,80,2,0.799345204892471,0.8044317661139617,75.96624258892275,0.9495780323615344
GDSC,CTD2,GDSC_CTD2,20,80,3,0.786396050572347,0.8044317661139617,65.98912067940246,0.8248640084925307
GDSC,CTD2,GDSC_CTD2,20,80,4,0.8017027346093778,0.8044317661139617,77.83581665936335,0.9729477082420418
GDSC,CTD2,GDSC_CTD2,20,80,5,0.80236793342742,0.8044317661139617,78.36333427790309,0.9795416784737887
GDSC,CTD2,GDSC_CTD2,20,80,6,0.8176993792675498,0.8044317661139617,86.22187318627228,1.0777734148284035
GDSC,CTD2,GDSC_CTD2,20,80,7,0.8057169456929986,0.8044317661139617,80.60268748189961,1.007533593523745
GDSC,CTD2,GDSC_CTD2,20,80,8,0.8114143649060077,0.8044317661139617,83.27450338593714,1.0409312923242142
GDSC,CTD2,GDSC_CTD2,20,80,9,0.801095403139537,0.8044317661139617,77.35418914899341,0.9669273643624177
GDSC,CTD2,GDSC_CTD2,40,60,0,0.8000713941415741,0.778294244306611,76.54212699055707,1.2757021165092843
GDSC,CTD2,GDSC_CTD2,40,60,1,0.7987705344593592,0.778294244306611,75.51051601500525,1.2585086002500876
GDSC,CTD2,GDSC_CTD2,40,60,2,0.7911113614095006,0.778294244306611,69.47483296606151,1.1579138827676918
GDSC,CTD2,GDSC_CTD2,40,60,3,0.777161306528696,0.778294244306611,59.19661941429164,0.9866103235715273
GDSC,CTD2,GDSC_CTD2,40,60,4,0.7888333057510439,0.778294244306611,67.79081957381423,1.129846992896904
GDSC,CTD2,GDSC_CTD2,40,60,5,0.790355314526221,0.778294244306611,68.91593833507072,1.1485989722511787
GDSC,CTD2,GDSC_CTD2,40,60,6,0.7934196569145523,0.778294244306611,71.26714981684793,1.1877858302807989
GDSC,CTD2,GDSC_CTD2,40,60,7,0.7938868905369841,0.778294244306611,71.63767658436741,1.1939612764061236
GDSC,CTD2,GDSC_CTD2,40,60,8,0.7949049701208034,0.778294244306611,72.44503658407541,1.2074172764012567
GDSC,CTD2,GDSC_CTD2,40,60,9,0.7842035251285749,0.778294244306611,64.36833402458628,1.0728055670764378
GDSC,CTD2,GDSC_CTD2,60,40,0,0.7660709165119429,0.7467951979338168,51.332282818693,1.283307070467325
GDSC,CTD2,GDSC_CTD2,60,40,1,0.7555142748214424,0.7467951979338168,45.01185204344628,1.125296301086157
GDSC,CTD2,GDSC_CTD2,60,40,2,0.7640309360531944,0.7467951979338168,49.90735262771968,1.2476838156929921
GDSC,CTD2,GDSC_CTD2,60,40,3,0.7508396350709394,0.7467951979338168,42.32480121365212,1.058120030341303
GDSC,CTD2,GDSC_CTD2,60,40,4,0.7715500556954438,0.7467951979338168,55.217610091051604,1.3804402522762902
GDSC,CTD2,GDSC_CTD2,60,40,5,0.7655137380932704,0.7467951979338168,50.93718051646333,1.2734295129115831
GDSC,CTD2,GDSC_CTD2,60,40,6,0.7786549528953065,0.7467951979338168,60.266647608809265,1.5066661902202316
GDSC,CTD2,GDSC_CTD2,60,40,7,0.7714350035441988,0.7467951979338168,55.13602514750396,1.378400628687599
GDSC,CTD2,GDSC_CTD2,60,40,8,0.7679922157642795,0.7467951979338168,52.694700551380656,1.3173675137845164
GDSC,CTD2,GDSC_CTD2,60,40,9,0.7692171810564048,0.7467951979338168,53.56333901771477,1.339083475442869
GDSC,CTD2,GDSC_CTD2,80,20,0,0.72425074004083,0.6713662236539766,31.903223565458074,1.5951611782729036
GDSC,CTD2,GDSC_CTD2,80,20,1,0.7256383943634607,0.6713662236539766,32.401595576534966,1.6200797788267483
GDSC,CTD2,GDSC_CTD2,80,20,2,0.7219184736807112,0.6713662236539766,31.065596890497762,1.553279844524888
GDSC,CTD2,GDSC_CTD2,80,20,3,0.7148424916199463,0.6713662236539766,29.136504896086436,1.4568252448043217
GDSC,CTD2,GDSC_CTD2,80,20,4,0.7090019529194311,0.6713662236539766,27.909120096756205,1.3954560048378102
GDSC,CTD2,GDSC_CTD2,80,20,5,0.7228659176534117,0.6713662236539766,31.40586863567008,1.570293431783504
GDSC,CTD2,GDSC_CTD2,80,20,6,0.7072361188984256,0.6713662236539766,27.538031410137084,1.3769015705068541
GDSC,CTD2,GDSC_CTD2,80,20,7,0.7269252173645102,0.6713662236539766,32.86375431194487,1.6431877155972434
GDSC,CTD2,GDSC_CTD2,80,20,8,0.7294422915177023,0.6713662236539766,33.76775416788731,1.6883877083943655
GDSC,CTD2,GDSC_CTD2,80,20,9,0.7258345750433192,0.6713662236539766,32.47205329670418,1.623602664835209
GDSC,CTD2,GDSC_CTD2,10,90,0,0.8217624321425664,0.8257559120044007,88.12724979356625,0.9791916643729583
GDSC,CTD2,GDSC_CTD2,10,90,1,0.8061460014629768,0.8257559120044007,80.80389402596596,0.8978210447329551
GDSC,CTD2,GDSC_CTD2,10,90,2,0.8110414754653551,0.8257559120044007,83.09963615206598,0.9233292905785109
GDSC,CTD2,GDSC_CTD2,10,90,3,0.7983030362411567,0.8257559120044007,75.1397794170907,0.8348864379676744
GDSC,CTD2,GDSC_CTD2,10,90,4,0.8497013673771526,0.8257559120044007,90.0,1.0
GDSC,CTD2,GDSC_CTD2,10,90,5,0.8226205911324976,0.8257559120044007,88.52968513345765,0.9836631681495294
GDSC,CTD2,GDSC_CTD2,10,90,6,0.833157103009265,0.8257559120044007,90.0,1.0
GDSC,CTD2,GDSC_CTD2,10,90,7,0.8096639146779472,0.8257559120044007,82.45362632147972,0.9161514035719969
GDSC,CTD2,GDSC_CTD2,10,90,8,0.8236694772262648,0.8257559120044007,89.0215623224228,0.9891284702491422
GDSC,CTD2,GDSC_CTD2,10,90,9,0.8054103857570819,0.8257559120044007,80.45892559924708,0.8939880622138564
GDSC,CTD2,GDSC_CTD2,85,15,0,0.677676648470919,0.6191309951615469,21.326131012015765,1.4217420674677177
GDSC,CTD2,GDSC_CTD2,85,15,1,0.6980658901067495,0.6191309951615469,25.61091475148178,1.707394316765452
GDSC,CTD2,GDSC_CTD2,85,15,2,0.6957238121273388,0.6191309951615469,25.118728831967,1.6745819221311333
GDSC,CTD2,GDSC_CTD2,85,15,3,0.6910150702413884,0.6191309951615469,24.129190278909338,1.6086126852606226
GDSC,CTD2,GDSC_CTD2,85,15,4,0.693691449570544,0.6191309951615469,24.691629374734077,1.6461086249822718
GDSC,CTD2,GDSC_CTD2,85,15,5,0.718114823299604,0.6191309951615469,29.82418292852963,1.9882788619019753
GDSC,CTD2,GDSC_CTD2,85,15,6,0.6713583289455051,0.6191309951615469,19.999244311865827,1.3332829541243885
GDSC,CTD2,GDSC_CTD2,85,15,7,0.7093797337559348,0.6191309951615469,27.98851045438913,1.8659006969592753
GDSC,CTD2,GDSC_CTD2,85,15,8,0.7091816743198986,0.6191309951615469,27.9468884134063,1.8631258942270865
GDSC,CTD2,GDSC_CTD2,85,15,9,0.6858029353590128,0.6191309951615469,23.033864067626396,1.5355909378417598
GDSC,CTD2,GDSC_CTD2,90,10,0,0.6447450996975219,0.5285292535988787,17.451803627094996,1.7451803627094997
GDSC,CTD2,GDSC_CTD2,90,10,1,0.6416559879239657,0.5285292535988787,17.15611125025358,1.715611125025358
GDSC,CTD2,GDSC_CTD2,90,10,2,0.6685528800709206,0.5285292535988787,19.73070438626839,1.973070438626839
GDSC,CTD2,GDSC_CTD2,90,10,3,0.6358780557830912,0.5285292535988787,16.60304272661231,1.660304272661231
GDSC,CTD2,GDSC_CTD2,90,10,4,0.6480617790783676,0.5285292535988787,17.76927896668563,1.7769278966685629
GDSC,CTD2,GDSC_CTD2,90,10,5,0.65194438675746,0.5285292535988787,18.14092543891798,1.8140925438917979
GDSC,CTD2,GDSC_CTD2,90,10,6,0.5828482899612824,0.5285292535988787,12.997681690524226,1.2997681690524225
GDSC,CTD2,GDSC_CTD2,90,10,7,0.6584027986216962,0.5285292535988787,18.759130053948248,1.8759130053948248
GDSC,CTD2,GDSC_CTD2,90,10,8,0.6675467140818914,0.5285292535988787,19.634393331634534,1.9634393331634534
GDSC,CTD2,GDSC_CTD2,90,10,9,0.621076905482894,0.5285292535988787,15.186264172428103,1.5186264172428103
GDSC,CTD2,GDSC_CTD2,95,5,0,0.4593610683718768,0.05883517862322711,9.263688974247891,1.8527377948495782
GDSC,CTD2,GDSC_CTD2,95,5,1,0.4231376264957536,0.05883517862322711,8.878082216508815,1.7756164433017632
GDSC,CTD2,GDSC_CTD2,95,5,2,0.5231668064706236,0.05883517862322711,9.942915533599898,1.9885831067199795
GDSC,CTD2,GDSC_CTD2,95,5,3,0.5451152455434085,0.05883517862322711,10.915324123932953,2.1830648247865905
GDSC,CTD2,GDSC_CTD2,95,5,4,0.4390784637530926,0.05883517862322711,9.04777604603142,1.8095552092062839
GDSC,CTD2,GDSC_CTD2,95,5,5,0.419086335608471,0.05883517862322711,8.834955305790464,1.7669910611580928
GDSC,CTD2,GDSC_CTD2,95,5,6,0.3984440184620502,0.05883517862322711,8.61521315609983,1.723042631219966
GDSC,CTD2,GDSC_CTD2,95,5,7,0.4379058425141703,0.05883517862322711,9.03529322687958,1.8070586453759159
GDSC,CTD2,GDSC_CTD2,95,5,8,0.5232207822946118,0.05883517862322711,9.94349011849317,1.988698023698634
GDSC,CTD2,GDSC_CTD2,95,5,9,0.5127396670414004,0.05883517862322711,9.83191626849565,1.9663832536991301
GDSC,CTD2,GDSC_CTD2,30,70,0,0.8075693554059113,0.7918217831548419,81.47137864656817,1.1638768378081168
GDSC,CTD2,GDSC_CTD2,30,70,1,0.8028050882896334,0.7918217831548419,78.71000791230102,1.1244286844614433
GDSC,CTD2,GDSC_CTD2,30,70,2,0.8074697340545467,0.7918217831548419,81.42466101863761,1.1632094431233944
GDSC,CTD2,GDSC_CTD2,30,70,3,0.7773045062434085,0.7918217831548419,59.298164153042215,0.8471166307577459
GDSC,CTD2,GDSC_CTD2,30,70,4,0.7960588123237425,0.7918217831548419,73.36005939313054,1.0480008484732934
GDSC,CTD2,GDSC_CTD2,30,70,5,0.7882654282892688,0.7918217831548419,67.37102594531589,0.9624432277902271
GDSC,CTD2,GDSC_CTD2,30,70,6,0.8053606403536422,0.7918217831548419,80.43559739482787,1.1490799627832553
GDSC,CTD2,GDSC_CTD2,30,70,7,0.7964900309139356,0.7918217831548419,73.70202543034961,1.052886077576423
GDSC,CTD2,GDSC_CTD2,30,70,8,0.7930747845178955,0.7918217831548419,70.99365825244627,1.0141951178920896
GDSC,CTD2,GDSC_CTD2,30,70,9,0.7974445228229711,0.7918217831548419,74.4589589742964,1.0636994139185199
GDSC,CTD2,GDSC_CTD2,50,50,0,0.7859705684173922,0.7641921139082759,65.67459032785194,1.313491806557039
GDSC,CTD2,GDSC_CTD2,50,50,1,0.7788895683241032,0.7641921139082759,60.4400830218795,1.20880166043759
GDSC,CTD2,GDSC_CTD2,50,50,2,0.7785405702510076,0.7641921139082759,60.182092209943185,1.2036418441988637
GDSC,CTD2,GDSC_CTD2,50,50,3,0.7692363668722978,0.7641921139082759,53.57694392374745,1.071538878474949
GDSC,CTD2,GDSC_CTD2,50,50,4,0.7742000043078534,0.7641921139082759,57.096722351084665,1.1419344470216932
GDSC,CTD2,GDSC_CTD2,50,50,5,0.7843256399259038,0.7641921139082759,64.45860528434672,1.2891721056869343
GDSC,CTD2,GDSC_CTD2,50,50,6,0.7837660983961483,0.7641921139082759,64.04497384995713,1.2808994769991426
GDSC,CTD2,GDSC_CTD2,50,50,7,0.7794636063676846,0.7641921139082759,60.86443075432497,1.2172886150864994
GDSC,CTD2,GDSC_CTD2,50,50,8,0.7765991630453283,0.7641921139082759,58.79799632154669,1.1759599264309337
GDSC,CTD2,GDSC_CTD2,50,50,9,0.7746117944248117,0.7641921139082759,57.38872795968892,1.1477745591937785
GDSC,CTD2,GDSC_CTD2,70,30,0,0.7529183937502277,0.718951452864101,43.51970189739411,1.450656729913137
GDSC,CTD2,GDSC_CTD2,70,30,1,0.7531950031962933,0.718951452864101,43.67870102486685,1.455956700828895
GDSC,CTD2,GDSC_CTD2,70,30,2,0.7437004000819671,0.718951452864101,38.88851235920283,1.2962837453067608
GDSC,CTD2,GDSC_CTD2,70,30,3,0.7406457134896519,0.718951452864101,37.79143056051991,1.2597143520173304
GDSC,CTD2,GDSC_CTD2,70,30,4,0.7405011617226316,0.718951452864101,37.73951521412582,1.2579838404708605
GDSC,CTD2,GDSC_CTD2,70,30,5,0.7371063055024273,0.718951452864101,36.52026248368162,1.2173420827893873
GDSC,CTD2,GDSC_CTD2,70,30,6,0.7470095390355385,0.718951452864101,40.12320637866871,1.3374402126222904
GDSC,CTD2,GDSC_CTD2,70,30,7,0.7467442403790588,0.718951452864101,39.98169874252535,1.3327232914175118
GDSC,CTD2,GDSC_CTD2,70,30,8,0.7542662126555106,0.718951452864101,44.29444778181504,1.476481592727168
GDSC,CTD2,GDSC_CTD2,70,30,9,0.7415653942977544,0.718951452864101,38.121731245934086,1.2707243748644694
GDSC,REP,GDSC_REP,20,80,0,0.8757050077451298,0.8690476487464679,90.0,1.125
GDSC,REP,GDSC_REP,20,80,1,0.8851595397080767,0.8690476487464679,90.0,1.125
GDSC,REP,GDSC_REP,20,80,2,0.8792306696439968,0.8690476487464679,90.0,1.125
GDSC,REP,GDSC_REP,20,80,3,0.8710354855869148,0.8690476487464679,83.08899391673452,1.0386124239591816
GDSC,REP,GDSC_REP,20,80,4,0.8675323475429021,0.8690476487464679,77.20754377082008,0.965094297135251
GDSC,REP,GDSC_REP,20,80,5,0.8860313658897919,0.8690476487464679,90.0,1.125
GDSC,REP,GDSC_REP,20,80,6,0.8792803922974743,0.8690476487464679,90.0,1.125
GDSC,REP,GDSC_REP,20,80,7,0.8803586013175434,0.8690476487464679,90.0,1.125
GDSC,REP,GDSC_REP,20,80,8,0.8738547538753296,0.8690476487464679,87.46998858156732,1.0933748572695916
GDSC,REP,GDSC_REP,20,80,9,0.8746399974398826,0.8690476487464679,88.6902157876965,1.1086276973462064
GDSC,REP,GDSC_REP,40,60,0,0.8673355813113033,0.859055392412358,76.84493527567247,1.2807489212612078
GDSC,REP,GDSC_REP,40,60,1,0.8695565637499553,0.859055392412358,80.79082715337644,1.3465137858896072
GDSC,REP,GDSC_REP,40,60,2,0.8684651879763609,0.859055392412358,78.9266185482392,1.3154436424706535
GDSC,REP,GDSC_REP,40,60,3,0.8587867407841056,0.859055392412358,59.51782069555765,0.9919636782592942
GDSC,REP,GDSC_REP,40,60,4,0.8615612399701141,0.859055392412358,65.48824314593034,1.091470719098839
GDSC,REP,GDSC_REP,40,60,5,0.868281103242082,0.859055392412358,78.58738001155464,1.3097896668592441
GDSC,REP,GDSC_REP,40,60,6,0.8650919189802602,0.859055392412358,72.71022671888247,1.2118371119813744
GDSC,REP,GDSC_REP,40,60,7,0.8645975277642654,0.859055392412358,71.79914328048234,1.196652388008039
GDSC,REP,GDSC_REP,40,60,8,0.8682152721492987,0.859055392412358,78.4660639031244,1.30776773171874
GDSC,REP,GDSC_REP,40,60,9,0.8748968319943833,0.859055392412358,89.08932317936822,1.4848220529894705
GDSC,REP,GDSC_REP,60,40,0,0.8561454846458624,0.8458885383634339,54.7772611244999,1.3694315281124976
GDSC,REP,GDSC_REP,60,40,1,0.8526236203160874,0.8458885383634339,48.86750209023455,1.221687552255864
GDSC,REP,GDSC_REP,60,40,2,0.8616086199141021,0.8458885383634339,65.59201348584652,1.6398003371461631
GDSC,REP,GDSC_REP,60,40,3,0.8529953616335175,0.8458885383634339,49.35694185243958,1.2339235463109897
GDSC,REP,GDSC_REP,60,40,4,0.8485813798942118,0.8458885383634339,43.54543241948755,1.0886358104871887
GDSC,REP,GDSC_REP,60,40,5,0.8575335638341102,0.8458885383634339,57.26860302275707,1.4317150755689267
GDSC,REP,GDSC_REP,60,40,6,0.8586843016040525,0.8458885383634339,59.33396157321795,1.4833490393304487
GDSC,REP,GDSC_REP,60,40,7,0.8575010452811386,0.8458885383634339,57.21023831692851,1.4302559579232128
GDSC,REP,GDSC_REP,60,40,8,0.8576287210587135,0.8458885383634339,57.439392400325154,1.435984810008129
GDSC,REP,GDSC_REP,60,40,9,0.8587684513327768,0.8458885383634339,59.4849945594285,1.4871248639857124
GDSC,REP,GDSC_REP,80,20,0,0.8299478059435186,0.7966078913529282,30.619132435807128,1.5309566217903563
GDSC,REP,GDSC_REP,80,20,1,0.8297062485239871,0.7966078913529282,30.47697973528617,1.5238489867643086
GDSC,REP,GDSC_REP,80,20,2,0.8356311251315247,0.7966078913529282,33.96367541057747,1.6981837705288736
GDSC,REP,GDSC_REP,80,20,3,0.8299848571596455,0.7966078913529282,30.64093648736658,1.532046824368329
GDSC,REP,GDSC_REP,80,20,4,0.8342170286198904,0.7966078913529282,33.13150209826121,1.6565751049130604
GDSC,REP,GDSC_REP,80,20,5,0.8278188430938659,0.7966078913529282,29.666474161324913,1.4833237080662456
GDSC,REP,GDSC_REP,80,20,6,0.8288378744489604,0.7966078913529282,29.982082616503185,1.4991041308251591
GDSC,REP,GDSC_REP,80,20,7,0.8332444816150085,0.7966078913529282,32.559173649829845,1.6279586824914922
GDSC,REP,GDSC_REP,80,20,8,0.8337232007505112,0.7966078913529282,32.84089224922023,1.6420446124610115
GDSC,REP,GDSC_REP,80,20,9,0.8386908074246057,0.7966078913529282,35.76424978970947,1.7882124894854734
GDSC,REP,GDSC_REP,10,90,0,0.8831219353347467,0.8754828729457707,90.0,1.0
GDSC,REP,GDSC_REP,10,90,1,0.8769727974443993,0.8754828729457707,90.0,1.0
GDSC,REP,GDSC_REP,10,90,2,0.8837912456151231,0.8754828729457707,90.0,1.0
GDSC,REP,GDSC_REP,10,90,3,0.8862184648567334,0.8754828729457707,90.0,1.0
GDSC,REP,GDSC_REP,10,90,4,0.8758153264374262,0.8754828729457707,90.0,1.0
GDSC,REP,GDSC_REP,10,90,5,0.8963164172743137,0.8754828729457707,90.0,1.0
GDSC,REP,GDSC_REP,10,90,6,0.8756297265562046,0.8754828729457707,90.0,1.0
GDSC,REP,GDSC_REP,10,90,7,0.8834524441693186,0.8754828729457707,90.0,1.0
GDSC,REP,GDSC_REP,10,90,8,0.8834785482046311,0.8754828729457707,90.0,1.0
GDSC,REP,GDSC_REP,10,90,9,0.8825895527976673,0.8754828729457707,90.0,1.0
GDSC,REP,GDSC_REP,85,15,0,0.8217927675527632,0.7611461470905807,27.80011314818552,1.8533408765457013
GDSC,REP,GDSC_REP,85,15,1,0.8291335189652229,0.7611461470905807,30.139937496615055,2.009329166441004
GDSC,REP,GDSC_REP,85,15,2,0.8202729030652648,0.7611461470905807,27.329389572721833,1.8219593048481222
GDSC,REP,GDSC_REP,85,15,3,0.8134874885144958,0.7611461470905807,25.227850504855017,1.6818567003236677
GDSC,REP,GDSC_REP,85,15,4,0.8199560149087491,0.7611461470905807,27.2312448188414,1.8154163212560934
GDSC,REP,GDSC_REP,85,15,5,0.828333785294204,0.7611461470905807,29.825959059941926,1.988397270662795
GDSC,REP,GDSC_REP,85,15,6,0.8293136616110622,0.7611461470905807,30.245948579341135,2.0163965719560757
GDSC,REP,GDSC_REP,85,15,7,0.820465771938744,0.7611461470905807,27.38912379670468,1.8259415864469788
GDSC,REP,GDSC_REP,85,15,8,0.8252242360790925,0.7611461470905807,28.862887590967212,1.924192506064481
GDSC,REP,GDSC_REP,85,15,9,0.8223299268344931,0.7611461470905807,27.96647899183096,1.8644319327887307
GDSC,REP,GDSC_REP,90,10,0,0.8068379247057884,0.6820334428186211,23.16838633745375,2.316838633745375
GDSC,REP,GDSC_REP,90,10,1,0.8023290719117601,0.6820334428186211,21.77193071532272,2.177193071532272
GDSC,REP,GDSC_REP,90,10,2,0.795923638176931,0.6820334428186211,19.903522346372043,1.9903522346372042
GDSC,REP,GDSC_REP,90,10,3,0.7997012920719847,0.6820334428186211,20.958070050845723,2.0958070050845725
GDSC,REP,GDSC_REP,90,10,4,0.8084826999398824,0.6820334428186211,23.67779654171557,2.367779654171557
GDSC,REP,GDSC_REP,90,10,5,0.8077436207544462,0.6820334428186211,23.448893241729948,2.344889324172995
GDSC,REP,GDSC_REP,90,10,6,0.811180980898188,0.6820334428186211,24.513492401936475,2.4513492401936476
GDSC,REP,GDSC_REP,90,10,7,0.8137410622534929,0.6820334428186211,25.30638588616447,2.530638588616447
GDSC,REP,GDSC_REP,90,10,8,0.8063529377129354,0.6820334428186211,23.018178991202163,2.3018178991202163
GDSC,REP,GDSC_REP,90,10,9,0.8079733789080374,0.6820334428186211,23.52005259865948,2.352005259865948
GDSC,REP,GDSC_REP,95,5,0,0.7358519993392828,0.47195968715114045,13.401385214671325,2.6802770429342653
GDSC,REP,GDSC_REP,95,5,1,0.7221234719914983,0.47195968715114045,12.533728908764312,2.5067457817528624
GDSC,REP,GDSC_REP,95,5,2,0.7424269791537671,0.47195968715114045,13.816930345822577,2.7633860691645156
GDSC,REP,GDSC_REP,95,5,3,0.7452270503054379,0.47195968715114045,13.99389757108928,2.798779514217856
GDSC,REP,GDSC_REP,95,5,4,0.7351810424546505,0.47195968715114045,13.358980085760187,2.6717960171520376
GDSC,REP,GDSC_REP,95,5,5,0.7606005207155538,0.47195968715114045,14.965515881422078,2.9931031762844156
GDSC,REP,GDSC_REP,95,5,6,0.7516046178833504,0.47195968715114045,14.396966056524239,2.8793932113048477
GDSC,REP,GDSC_REP,95,5,7,0.7534926968798364,0.47195968715114045,14.516294488908215,2.903258897781643
GDSC,REP,GDSC_REP,95,5,8,0.7391453959838076,0.47195968715114045,13.609531091798932,2.7219062183597864
GDSC,REP,GDSC_REP,95,5,9,0.7632419408298423,0.47195968715114045,15.295500656109418,3.0591001312218835
GDSC,REP,GDSC_REP,30,70,0,0.8682049694861445,0.8636212388792994,78.4470777531533,1.1206725393307613
GDSC,REP,GDSC_REP,30,70,1,0.8791207200513996,0.8636212388792994,90.0,1.2857142857142858
GDSC,REP,GDSC_REP,30,70,2,0.8769654124449165,0.8636212388792994,90.0,1.2857142857142858
GDSC,REP,GDSC_REP,30,70,3,0.8660719034066011,0.8636212388792994,74.51618028731852,1.0645168612474074
GDSC,REP,GDSC_REP,30,70,4,0.8604166440956159,0.8636212388792994,62.98137857484687,0.8997339796406696
GDSC,REP,GDSC_REP,30,70,5,0.8761543003922148,0.8636212388792994,90.0,1.2857142857142858
GDSC,REP,GDSC_REP,30,70,6,0.8731069799581413,0.8636212388792994,86.30798723704649,1.2329712462435214
GDSC,REP,GDSC_REP,30,70,7,0.8711872420590063,0.8636212388792994,83.32481549402779,1.1903545070575399
GDSC,REP,GDSC_REP,30,70,8,0.8715311088889164,0.8636212388792994,83.8591664649657,1.1979880923566528
GDSC,REP,GDSC_REP,30,70,9,0.8730368357248469,0.8636212388792994,86.19898678714448,1.231414096959207
GDSC,REP,GDSC_REP,50,50,0,0.8642165955221143,0.8534837798239018,71.09714646955983,1.4219429293911967
GDSC,REP,GDSC_REP,50,50,1,0.8595833009658476,0.8534837798239018,61.156211794049305,1.2231242358809862
GDSC,REP,GDSC_REP,50,50,2,0.8687678985170613,0.8534837798239018,79.4844653532362,1.589689307064724
GDSC,REP,GDSC_REP,50,50,3,0.86158796958484,0.8534837798239018,65.5467856635541,1.3109357132710822
GDSC,REP,GDSC_REP,50,50,4,0.8610470690393104,0.8534837798239018,64.36211914126538,1.2872423828253077
GDSC,REP,GDSC_REP,50,50,5,0.865075602088767,0.8534837798239018,72.68015731407783,1.4536031462815566
GDSC,REP,GDSC_REP,50,50,6,0.8621415437083085,0.8534837798239018,66.7592095316729,1.3351841906334578
GDSC,REP,GDSC_REP,50,50,7,0.8610437131905962,0.8534837798239018,64.35476924735539,1.2870953849471078
GDSC,REP,GDSC_REP,50,50,8,0.8637647634355329,0.8534837798239018,70.2644926567413,1.405289853134826
GDSC,REP,GDSC_REP,50,50,9,0.8685671317089912,0.8534837798239018,79.11448443954828,1.5822896887909657
GDSC,REP,GDSC_REP,70,30,0,0.8466103815634635,0.8288957258001677,40.950388745093406,1.3650129581697803
GDSC,REP,GDSC_REP,70,30,1,0.840003602328045,0.8288957258001677,36.53680871634489,1.217893623878163
GDSC,REP,GDSC_REP,70,30,2,0.8436869052815692,0.8288957258001677,38.70437393829434,1.2901457979431445
GDSC,REP,GDSC_REP,70,30,3,0.8436155811785501,0.8288957258001677,38.662400837753395,1.2887466945917798
GDSC,REP,GDSC_REP,70,30,4,0.8453255117707393,0.8288957258001677,39.66866780257926,1.3222889267526419
GDSC,REP,GDSC_REP,70,30,5,0.8445757199024218,0.8288957258001677,39.22742721010757,1.3075809070035858
GDSC,REP,GDSC_REP,70,30,6,0.8446920086202048,0.8288957258001677,39.29586127147915,1.3098620423826381
GDSC,REP,GDSC_REP,70,30,7,0.8370840906728995,0.8288957258001677,34.818722528860675,1.160624084295356
GDSC,REP,GDSC_REP,70,30,8,0.8473160340010993,0.8288957258001677,41.879460508392434,1.3959820169464146
GDSC,REP,GDSC_REP,70,30,9,0.8486479323108698,0.8288957258001677,43.63305625212588,1.454435208404196
CTD2,REP,CTD2_REP,20,80,0,0.8767321275350416,0.8690476487464679,90.0,1.125
CTD2,REP,CTD2_REP,20,80,1,0.8792678123700988,0.8690476487464679,90.0,1.125
CTD2,REP,CTD2_REP,20,80,2,0.8791535592332133,0.8690476487464679,90.0,1.125
CTD2,REP,CTD2_REP,20,80,3,0.878817308389586,0.8690476487464679,90.0,1.125
CTD2,REP,CTD2_REP,20,80,4,0.8723085782985239,0.8690476487464679,85.06731304312498,1.0633414130390624
CTD2,REP,CTD2_REP,20,80,5,0.8849136565402741,0.8690476487464679,90.0,1.125
CTD2,REP,CTD2_REP,20,80,6,0.8845061997388386,0.8690476487464679,90.0,1.125
CTD2,REP,CTD2_REP,20,80,7,0.8745536514010742,0.8690476487464679,88.5560385840215,1.1069504823002687
CTD2,REP,CTD2_REP,20,80,8,0.8775229229585848,0.8690476487464679,90.0,1.125
CTD2,REP,CTD2_REP,20,80,9,0.8750305001972961,0.8690476487464679,89.29703653755598,1.1162129567194499
CTD2,REP,CTD2_REP,40,60,0,0.8758325723563034,0.859055392412358,90.0,1.5
CTD2,REP,CTD2_REP,40,60,1,0.8741231700346784,0.859055392412358,87.88709317813738,1.4647848863022896
CTD2,REP,CTD2_REP,40,60,2,0.8773844584543422,0.859055392412358,90.0,1.5
CTD2,REP,CTD2_REP,40,60,3,0.8700970778755377,0.859055392412358,81.63075768080233,1.3605126280133721
CTD2,REP,CTD2_REP,40,60,4,0.8685335077279185,0.859055392412358,79.05252085423896,1.317542014237316
CTD2,REP,CTD2_REP,40,60,5,0.8693172166850841,0.859055392412358,80.4188944009836,1.34031490668306
CTD2,REP,CTD2_REP,40,60,6,0.8716399011176911,0.859055392412358,84.02822386748242,1.4004703977913737
CTD2,REP,CTD2_REP,40,60,7,0.8723977192597131,0.859055392412358,85.20583340920457,1.4200972234867428
CTD2,REP,CTD2_REP,40,60,8,0.8731531874476808,0.859055392412358,86.37979124590207,1.4396631874317012
CTD2,REP,CTD2_REP,40,60,9,0.8785845746305708,0.859055392412358,90.0,1.5
CTD2,REP,CTD2_REP,60,40,0,0.8633473065466103,0.8458885383634339,69.40004042038534,1.7350010105096334
CTD2,REP,CTD2_REP,60,40,1,0.8578336321233443,0.8458885383634339,57.80716934349486,1.4451792335873717
CTD2,REP,CTD2_REP,60,40,2,0.8654778359993164,0.8458885383634339,73.42140967133716,1.835535241783429
CTD2,REP,CTD2_REP,60,40,3,0.8643945960429762,0.8458885383634339,71.42517278017613,1.785629319504403
CTD2,REP,CTD2_REP,60,40,4,0.8599353951296524,0.8458885383634339,61.92735941443949,1.5481839853609873
CTD2,REP,CTD2_REP,60,40,5,0.860608790314706,0.8458885383634339,63.402212303009556,1.585055307575239
CTD2,REP,CTD2_REP,60,40,6,0.8673798105138348,0.8458885383634339,76.9264425772111,1.9231610644302777
CTD2,REP,CTD2_REP,60,40,7,0.8669458621454597,0.8458885383634339,76.12674557864726,1.9031686394661815
CTD2,REP,CTD2_REP,60,40,8,0.8563263182277929,0.8458885383634339,55.10182350040023,1.3775455875100058
CTD2,REP,CTD2_REP,60,40,9,0.8585637442731732,0.8458885383634339,59.117583767034645,1.4779395941758662
CTD2,REP,CTD2_REP,80,20,0,0.8426444778689124,0.7966078913529282,38.09092198101785,1.9045460990508924
CTD2,REP,CTD2_REP,80,20,1,0.8407228307626037,0.7966078913529282,36.960063214021986,1.8480031607010994
CTD2,REP,CTD2_REP,80,20,2,0.8331674528043977,0.7966078913529282,32.51384341957867,1.6256921709789336
CTD2,REP,CTD2_REP,80,20,3,0.8371760238302185,0.7966078913529282,34.87282373016373,1.7436411865081864
CTD2,REP,CTD2_REP,80,20,4,0.8325116127568485,0.7966078913529282,32.12789197975228,1.6063945989876138
CTD2,REP,CTD2_REP,80,20,5,0.8420281539491471,0.7966078913529282,37.72822515406784,1.8864112577033922
CTD2,REP,CTD2_REP,80,20,6,0.8395158452386927,0.7966078913529282,36.249771424821574,1.8124885712410788
CTD2,REP,CTD2_REP,80,20,7,0.8409653439373103,0.7966078913529282,37.10277836126655,1.8551389180633275
CTD2,REP,CTD2_REP,80,20,8,0.8401412553653546,0.7966078913529282,36.61781534005536,1.8308907670027679
CTD2,REP,CTD2_REP,80,20,9,0.8484689692969927,0.7966078913529282,43.397431071796106,2.169871553589805
CTD2,REP,CTD2_REP,10,90,0,0.8769346816686168,0.8754828729457707,90.0,1.0
CTD2,REP,CTD2_REP,10,90,1,0.8784642086258325,0.8754828729457707,90.0,1.0
CTD2,REP,CTD2_REP,10,90,2,0.8797998480454717,0.8754828729457707,90.0,1.0
CTD2,REP,CTD2_REP,10,90,3,0.8891241167195273,0.8754828729457707,90.0,1.0
CTD2,REP,CTD2_REP,10,90,4,0.8747046971968053,0.8754828729457707,88.79075580762262,0.986563953418029
CTD2,REP,CTD2_REP,10,90,5,0.8942764600893174,0.8754828729457707,90.0,1.0
CTD2,REP,CTD2_REP,10,90,6,0.8823506942783901,0.8754828729457707,90.0,1.0
CTD2,REP,CTD2_REP,10,90,7,0.8792016485009254,0.8754828729457707,90.0,1.0
CTD2,REP,CTD2_REP,10,90,8,0.8891547344856207,0.8754828729457707,90.0,1.0
CTD2,REP,CTD2_REP,10,90,9,0.8827566496915916,0.8754828729457707,90.0,1.0
CTD2,REP,CTD2_REP,85,15,0,0.838891774429345,0.7611461470905807,35.88251567653141,2.392167711768761
CTD2,REP,CTD2_REP,85,15,1,0.8354120257989908,0.7611461470905807,33.834738937160715,2.255649262477381
CTD2,REP,CTD2_REP,85,15,2,0.8247947535370533,0.7611461470905807,28.729870759893913,1.9153247173262609
CTD2,REP,CTD2_REP,85,15,3,0.8243183488514658,0.7611461470905807,28.582321475854442,1.9054880983902962
CTD2,REP,CTD2_REP,85,15,4,0.8322975909961065,0.7611461470905807,32.00194357659936,2.133462905106624
CTD2,REP,CTD2_REP,85,15,5,0.8311834847522268,0.7611461470905807,31.346309766874395,2.089753984458293
CTD2,REP,CTD2_REP,85,15,6,0.8322907818392852,0.7611461470905807,31.99793649607874,2.133195766405249
CTD2,REP,CTD2_REP,85,15,7,0.8295744010083165,0.7611461470905807,30.399389568749733,2.0266259712499823
CTD2,REP,CTD2_REP,85,15,8,0.8276202746009279,0.7611461470905807,29.604974684405065,1.9736649789603375
CTD2,REP,CTD2_REP,85,15,9,0.8292446934363713,0.7611461470905807,30.205361905161006,2.0136907936774002
CTD2,REP,CTD2_REP,90,10,0,0.829748008517905,0.6820334428186211,30.50155482770386,3.050155482770386
CTD2,REP,CTD2_REP,90,10,1,0.8147903156619885,0.6820334428186211,25.631354539670838,2.563135453967084
CTD2,REP,CTD2_REP,90,10,2,0.8127647704447011,0.6820334428186211,25.004014474298152,2.500401447429815
CTD2,REP,CTD2_REP,90,10,3,0.8094328767521236,0.6820334428186211,23.972079768976858,2.3972079768976857
CTD2,REP,CTD2_REP,90,10,4,0.8206343534503471,0.6820334428186211,27.4413358804474,2.74413358804474
CTD2,REP,CTD2_REP,90,10,5,0.8193982805813145,0.6820334428186211,27.05850659189526,2.705850659189526
CTD2,REP,CTD2_REP,90,10,6,0.828878180875668,0.6820334428186211,29.99456608818769,2.999456608818769
CTD2,REP,CTD2_REP,90,10,7,0.8167688824150028,0.6820334428186211,26.244144708750603,2.6244144708750605
CTD2,REP,CTD2_REP,90,10,8,0.8167075171743409,0.6820334428186211,26.225139023881216,2.6225139023881217
CTD2,REP,CTD2_REP,90,10,9,0.824421208084642,0.6820334428186211,28.6141784383721,2.86141784383721
CTD2,REP,CTD2_REP,95,5,0,0.7913890084839734,0.47195968715114045,19.264153106747194,3.852830621349439
CTD2,REP,CTD2_REP,95,5,1,0.7794123311916031,0.47195968715114045,17.5754773885188,3.5150954777037597
CTD2,REP,CTD2_REP,95,5,2,0.7791476447968035,0.47195968715114045,17.53815739759542,3.507631479519084
CTD2,REP,CTD2_REP,95,5,3,0.7781990680215021,0.47195968715114045,17.40441090612508,3.4808821812250157
CTD2,REP,CTD2_REP,95,5,4,0.7824982414140562,0.47195968715114045,18.0105815108123,3.60211630216246
CTD2,REP,CTD2_REP,95,5,5,0.7679557192913626,0.47195968715114045,15.960129336899566,3.1920258673799133
CTD2,REP,CTD2_REP,95,5,6,0.7797404575793144,0.47195968715114045,17.62174222891748,3.524348445783496
CTD2,REP,CTD2_REP,95,5,7,0.7825991468396324,0.47195968715114045,18.024808874366343,3.6049617748732685
CTD2,REP,CTD2_REP,95,5,8,0.7694324723415678,0.47195968715114045,16.168347105219144,3.233669421043829
CTD2,REP,CTD2_REP,95,5,9,0.799857363356238,0.47195968715114045,21.006407539849008,4.201281507969801
CTD2,REP,CTD2_REP,30,70,0,0.8709350085747871,0.8636212388792994,82.93285792361938,1.1847551131945626
CTD2,REP,CTD2_REP,30,70,1,0.8770538892933885,0.8636212388792994,90.0,1.2857142857142858
CTD2,REP,CTD2_REP,30,70,2,0.8766821595992387,0.8636212388792994,90.0,1.2857142857142858
CTD2,REP,CTD2_REP,30,70,3,0.8726648413570844,0.8636212388792994,85.62092710151181,1.2231561014501686
CTD2,REP,CTD2_REP,30,70,4,0.8618640853398225,0.8636212388792994,66.15152731875808,0.9450218188394012
CTD2,REP,CTD2_REP,30,70,5,0.8799900391559666,0.8636212388792994,90.0,1.2857142857142858
CTD2,REP,CTD2_REP,30,70,6,0.8756896404185077,0.8636212388792994,90.0,1.2857142857142858
CTD2,REP,CTD2_REP,30,70,7,0.8664996318807567,0.8636212388792994,75.30441502193287,1.0757773574561837
CTD2,REP,CTD2_REP,30,70,8,0.8745273179596528,0.8636212388792994,88.51511780083527,1.2645016828690754
CTD2,REP,CTD2_REP,30,70,9,0.8767432665737384,0.8636212388792994,90.0,1.2857142857142858
CTD2,REP,CTD2_REP,50,50,0,0.8707627228577969,0.8534837798239018,82.66513497931402,1.6533026995862803
CTD2,REP,CTD2_REP,50,50,1,0.8644843216967671,0.8534837798239018,71.59052271869409,1.4318104543738819
CTD2,REP,CTD2_REP,50,50,2,0.8732884600501479,0.8534837798239018,86.58999775662753,1.7317999551325505
CTD2,REP,CTD2_REP,50,50,3,0.8651094590370998,0.8534837798239018,72.74255022055112,1.4548510044110226
CTD2,REP,CTD2_REP,50,50,4,0.8669598507246075,0.8534837798239018,76.1525242785432,1.523050485570864
CTD2,REP,CTD2_REP,50,50,5,0.8674809139439413,0.8534837798239018,77.11275992621603,1.5422551985243205
CTD2,REP,CTD2_REP,50,50,6,0.8660820696424034,0.8534837798239018,74.53491502363804,1.4906983004727608
CTD2,REP,CTD2_REP,50,50,7,0.8667751134714169,0.8534837798239018,75.81208325452788,1.5162416650905575
CTD2,REP,CTD2_REP,50,50,8,0.8679675593812506,0.8534837798239018,78.00956914118818,1.5601913828237637
CTD2,REP,CTD2_REP,50,50,9,0.8749228265330753,0.8534837798239018,89.12971732553461,1.7825943465106924
CTD2,REP,CTD2_REP,70,30,0,0.859858160724949,0.8288957258001677,61.75820259924076,2.0586067533080254
CTD2,REP,CTD2_REP,70,30,1,0.8512998088976547,0.8288957258001677,47.12455365953226,1.570818455317742
CTD2,REP,CTD2_REP,70,30,2,0.8522532486701848,0.8288957258001677,48.37986565651441,1.6126621885504804
CTD2,REP,CTD2_REP,70,30,3,0.8496839775607896,0.8288957258001677,44.99712776362728,1.4999042587875762
CTD2,REP,CTD2_REP,70,30,4,0.8492417652595057,0.8288957258001677,44.41490492899379,1.4804968309664597
CTD2,REP,CTD2_REP,70,30,5,0.8560779577400256,0.8288957258001677,54.65606298883504,1.8218687662945012
CTD2,REP,CTD2_REP,70,30,6,0.8490144522655688,0.8288957258001677,44.11562149591272,1.470520716530424
CTD2,REP,CTD2_REP,70,30,7,0.8535318618183718,0.8288957258001677,50.08629816539948,1.6695432721799826
CTD2,REP,CTD2_REP,70,30,8,0.8526091654149075,0.8288957258001677,48.848470567332825,1.6282823522444274
CTD2,REP,CTD2_REP,70,30,9,0.8571240575579916,0.8288957258001677,56.53361603359161,1.8844538677863871
CTD2,GDSC,CTD2_GDSC,20,80,0,0.8305337541970441,0.8133565718486666,90.0,1.125
CTD2,GDSC,CTD2_GDSC,20,80,1,0.8340354803021376,0.8133565718486666,90.0,1.125
CTD2,GDSC,CTD2_GDSC,20,80,2,0.8245302155012866,0.8133565718486666,89.29486432978672,1.116185804122334
CTD2,GDSC,CTD2_GDSC,20,80,3,0.8330377374917914,0.8133565718486666,90.0,1.125
CTD2,GDSC,CTD2_GDSC,20,80,4,0.8284583313360953,0.8133565718486666,90.0,1.125
CTD2,GDSC,CTD2_GDSC,20,80,5,0.8458913716990087,0.8133565718486666,90.0,1.125
CTD2,GDSC,CTD2_GDSC,20,80,6,0.8341809136937407,0.8133565718486666,90.0,1.125
CTD2,GDSC,CTD2_GDSC,20,80,7,0.8244358048534701,0.8133565718486666,89.21632825059687,1.1152041031324609
CTD2,GDSC,CTD2_GDSC,20,80,8,0.8350914593829643,0.8133565718486666,90.0,1.125
CTD2,GDSC,CTD2_GDSC,20,80,9,0.8309256326314342,0.8133565718486666,90.0,1.125
CTD2,GDSC,CTD2_GDSC,40,60,0,0.8069625342312454,0.7785321580262476,75.77820514683401,1.2629700857805668
CTD2,GDSC,CTD2_GDSC,40,60,1,0.8002278565778099,0.7785321580262476,71.33149570340832,1.188858261723472
CTD2,GDSC,CTD2_GDSC,40,60,2,0.7914825939471839,0.7785321580262476,66.58080449237613,1.1096800748729356
CTD2,GDSC,CTD2_GDSC,40,60,3,0.8049665428705056,0.7785321580262476,74.4603107962009,1.2410051799366817
CTD2,GDSC,CTD2_GDSC,40,60,4,0.8012218310927329,0.7785321580262476,71.98778782152891,1.1997964636921485
CTD2,GDSC,CTD2_GDSC,40,60,5,0.8022682133385332,0.7785321580262476,72.67868322191372,1.2113113870318952
CTD2,GDSC,CTD2_GDSC,40,60,6,0.7924824142940747,0.7785321580262476,67.08886632678522,1.118147772113087
CTD2,GDSC,CTD2_GDSC,40,60,7,0.8100011925774994,0.7785321580262476,77.78454182083043,1.2964090303471738
CTD2,GDSC,CTD2_GDSC,40,60,8,0.809564004572662,0.7785321580262476,77.49587944830081,1.2915979908050135
CTD2,GDSC,CTD2_GDSC,40,60,9,0.8048991213135834,0.7785321580262476,74.41579432647744,1.240263238774624
CTD2,GDSC,CTD2_GDSC,60,40,0,0.7782178337375192,0.7301407530705869,59.88066858885109,1.4970167147212772
CTD2,GDSC,CTD2_GDSC,60,40,1,0.7731806230904368,0.7301407530705869,57.96832049382383,1.4492080123455957
CTD2,GDSC,CTD2_GDSC,60,40,2,0.7496396797419157,0.7301407530705869,48.84266707065298,1.2210666767663245
CTD2,GDSC,CTD2_GDSC,60,40,3,0.7556667088815594,0.7301407530705869,51.31926354139784,1.282981588534946
CTD2,GDSC,CTD2_GDSC,60,40,4,0.7769247680704936,0.7301407530705869,59.38976363403968,1.4847440908509921
CTD2,GDSC,CTD2_GDSC,60,40,5,0.7555754864470398,0.7301407530705869,51.284631467994586,1.2821157866998647
CTD2,GDSC,CTD2_GDSC,60,40,6,0.7645367195069025,0.7301407530705869,54.6867121375909,1.3671678034397725
CTD2,GDSC,CTD2_GDSC,60,40,7,0.7499616854598922,0.7301407530705869,48.98869507552257,1.2247173768880644
CTD2,GDSC,CTD2_GDSC,60,40,8,0.7775062051685553,0.7301407530705869,59.61050288930598,1.4902625722326495
CTD2,GDSC,CTD2_GDSC,60,40,9,0.7534825241340277,0.7301407530705869,50.490050345092634,1.2622512586273158
CTD2,GDSC,CTD2_GDSC,80,20,0,0.7493431463564755,0.6163155535080359,48.70819064295109,2.4354095321475544
CTD2,GDSC,CTD2_GDSC,80,20,1,0.739986615874639,0.6163155535080359,44.46505021876803,2.2232525109384014
CTD2,GDSC,CTD2_GDSC,80,20,2,0.7333460465919871,0.6163155535080359,41.45358480244653,2.0726792401223264
CTD2,GDSC,CTD2_GDSC,80,20,3,0.7041663120927825,0.6163155535080359,32.99452163271487,1.6497260816357435
CTD2,GDSC,CTD2_GDSC,80,20,4,0.7390463351578836,0.6163155535080359,44.03863755147757,2.2019318775738785
CTD2,GDSC,CTD2_GDSC,80,20,5,0.7128785005806153,0.6163155535080359,35.34425643683932,1.7672128218419663
CTD2,GDSC,CTD2_GDSC,80,20,6,0.7261213078607405,0.6163155535080359,38.91592906695745,1.9457964533478727
CTD2,GDSC,CTD2_GDSC,80,20,7,0.7146690972101177,0.6163155535080359,35.82719217983499,1.7913596089917494
CTD2,GDSC,CTD2_GDSC,80,20,8,0.7259083700118344,0.6163155535080359,38.858498322043154,1.9429249161021578
CTD2,GDSC,CTD2_GDSC,80,20,9,0.7373320170495722,0.6163155535080359,43.261202744910506,2.1630601372455254
CTD2,GDSC,CTD2_GDSC,10,90,0,0.8287088171738383,0.8253778808814541,90.0,1.0
CTD2,GDSC,CTD2_GDSC,10,90,1,0.8314378716893026,0.8253778808814541,90.0,1.0
CTD2,GDSC,CTD2_GDSC,10,90,2,0.8141680510875325,0.8253778808814541,80.67503400557516,0.8963892667286129
CTD2,GDSC,CTD2_GDSC,10,90,3,0.8371281005222841,0.8253778808814541,90.0,1.0
CTD2,GDSC,CTD2_GDSC,10,90,4,0.8366033852991444,0.8253778808814541,90.0,1.0
CTD2,GDSC,CTD2_GDSC,10,90,5,0.8589157728388885,0.8253778808814541,90.0,1.0
CTD2,GDSC,CTD2_GDSC,10,90,6,0.8396053650211612,0.8253778808814541,90.0,1.0
CTD2,GDSC,CTD2_GDSC,10,90,7,0.8502333548797586,0.8253778808814541,90.0,1.0
CTD2,GDSC,CTD2_GDSC,10,90,8,0.8691043500569623,0.8253778808814541,90.0,1.0
CTD2,GDSC,CTD2_GDSC,10,90,9,0.8335339651185705,0.8253778808814541,90.0,1.0
CTD2,GDSC,CTD2_GDSC,85,15,0,0.7385359914082674,0.5498287297456129,43.80719917820133,2.920479945213422
CTD2,GDSC,CTD2_GDSC,85,15,1,0.7389171840985542,0.5498287297456129,43.980068183085024,2.9320045455390016
CTD2,GDSC,CTD2_GDSC,85,15,2,0.7279145783319443,0.5498287297456129,39.39958596272836,2.6266390641818904
CTD2,GDSC,CTD2_GDSC,85,15,3,0.7173804070924412,0.5498287297456129,36.55845037106437,2.4372300247376244
CTD2,GDSC,CTD2_GDSC,85,15,4,0.7284742146291,0.5498287297456129,39.55052357007175,2.636701571338117
CTD2,GDSC,CTD2_GDSC,85,15,5,0.6782535331837624,0.5498287297456129,28.070318736780443,1.8713545824520295
CTD2,GDSC,CTD2_GDSC,85,15,6,0.7203812678661474,0.5498287297456129,37.36780235101255,2.4911868234008367
CTD2,GDSC,CTD2_GDSC,85,15,7,0.717256432400683,0.5498287297456129,36.52501357748929,2.4350009051659525
CTD2,GDSC,CTD2_GDSC,85,15,8,0.7098714502778191,0.5498287297456129,34.53323509999599,2.302215673333066
CTD2,GDSC,CTD2_GDSC,85,15,9,0.7164582430453066,0.5498287297456129,36.309736634017625,2.420649108934508
CTD2,GDSC,CTD2_GDSC,90,10,0,0.7192508739484335,0.4558483499769651,37.06292764191592,3.706292764191592
CTD2,GDSC,CTD2_GDSC,90,10,1,0.703008567181217,0.4558483499769651,32.68227017984483,3.268227017984483
CTD2,GDSC,CTD2_GDSC,90,10,2,0.6875124659719344,0.4558483499769651,29.276727779409573,2.9276727779409573
CTD2,GDSC,CTD2_GDSC,90,10,3,0.682764889968878,0.4558483499769651,28.65813395745495,2.865813395745495
CTD2,GDSC,CTD2_GDSC,90,10,4,0.6929088310541296,0.4558483499769651,29.97985672325556,2.997985672325556
CTD2,GDSC,CTD2_GDSC,90,10,5,0.6893782558877173,0.4558483499769651,29.519834180281407,2.951983418028141
CTD2,GDSC,CTD2_GDSC,90,10,6,0.7116755126537803,0.4558483499769651,35.0198026437914,3.50198026437914
CTD2,GDSC,CTD2_GDSC,90,10,7,0.6827936672921189,0.4558483499769651,28.66188354974326,2.8661883549743257
CTD2,GDSC,CTD2_GDSC,90,10,8,0.6858698101815071,0.4558483499769651,29.062695034509403,2.9062695034509405
CTD2,GDSC,CTD2_GDSC,90,10,9,0.6760816684738356,0.4558483499769651,27.787331778632314,2.7787331778632316
CTD2,GDSC,CTD2_GDSC,95,5,0,0.6286917785361753,0.13749066796163192,21.612582154893044,4.322516430978609
CTD2,GDSC,CTD2_GDSC,95,5,1,0.6081913330590693,0.13749066796163192,19.38903530134054,3.8778070602681085
CTD2,GDSC,CTD2_GDSC,95,5,2,0.6581971280767367,0.13749066796163192,25.457033919046523,5.091406783809305
CTD2,GDSC,CTD2_GDSC,95,5,3,0.6346358841403134,0.13749066796163192,22.387079919941662,4.477415983988332
CTD2,GDSC,CTD2_GDSC,95,5,4,0.6268455269311152,0.13749066796163192,21.372021532813744,4.274404306562749
CTD2,GDSC,CTD2_GDSC,95,5,5,0.5562297444676014,0.13749066796163192,15.481374681460286,3.0962749362920574
CTD2,GDSC,CTD2_GDSC,95,5,6,0.6191634767039751,0.13749066796163192,20.371075195694623,4.074215039138925
CTD2,GDSC,CTD2_GDSC,95,5,7,0.6367144493362263,0.13749066796163192,22.65791025270388,4.531582050540775
CTD2,GDSC,CTD2_GDSC,95,5,8,0.6470114387717755,0.13749066796163192,23.999574724312552,4.79991494486251
CTD2,GDSC,CTD2_GDSC,95,5,9,0.6230774310957384,0.13749066796163192,20.881050813693843,4.176210162738768
CTD2,GDSC,CTD2_GDSC,30,70,0,0.819761986059733,0.7982112655516868,85.32838328471216,1.2189769040673166
CTD2,GDSC,CTD2_GDSC,30,70,1,0.8110054601720196,0.7982112655516868,78.44763015646909,1.1206804308067013
CTD2,GDSC,CTD2_GDSC,30,70,2,0.7988687572526801,0.7982112655516868,70.43412241925044,1.006201748846435
CTD2,GDSC,CTD2_GDSC,30,70,3,0.8143422661842041,0.7982112655516868,80.81995590733845,1.1545707986762637
CTD2,GDSC,CTD2_GDSC,30,70,4,0.8176280562899504,0.7982112655516868,83.55326065541907,1.1936180093631295
CTD2,GDSC,CTD2_GDSC,30,70,5,0.8265769093210368,0.7982112655516868,90.0,1.2857142857142858
CTD2,GDSC,CTD2_GDSC,30,70,6,0.8154614967713337,0.7982112655516868,81.75099476847824,1.1678713538354033
CTD2,GDSC,CTD2_GDSC,30,70,7,0.808435829914492,0.7982112655516868,76.75097892529527,1.0964425560756468
CTD2,GDSC,CTD2_GDSC,30,70,8,0.8326959123551355,0.7982112655516868,90.0,1.2857142857142858
CTD2,GDSC,CTD2_GDSC,30,70,9,0.8193824103457656,0.7982112655516868,85.01263088792065,1.2144661555417235
CTD2,GDSC,CTD2_GDSC,50,50,0,0.79257751211934,0.7521917095473288,67.13719058394086,1.3427438116788173
CTD2,GDSC,CTD2_GDSC,50,50,1,0.7897286447923206,0.7521917095473288,65.68952974701689,1.313790594940338
CTD2,GDSC,CTD2_GDSC,50,50,2,0.7662462343775598,0.7521917095473288,55.33571964102254,1.1067143928204508
CTD2,GDSC,CTD2_GDSC,50,50,3,0.7826706676028531,0.7521917095473288,62.10299657708339,1.2420599315416678
CTD2,GDSC,CTD2_GDSC,50,50,4,0.7798168753666188,0.7521917095473288,60.6528331321481,1.213056662642962
CTD2,GDSC,CTD2_GDSC,50,50,5,0.7894336988229357,0.7521917095473288,65.53965203076189,1.3107930406152377
CTD2,GDSC,CTD2_GDSC,50,50,6,0.7867009172984479,0.7521917095473288,64.15098055724354,1.2830196111448708
CTD2,GDSC,CTD2_GDSC,50,50,7,0.7522945074853035,0.7521917095473288,50.03902664681541,1.0007805329363082
CTD2,GDSC,CTD2_GDSC,50,50,8,0.8014800834149081,0.7521917095473288,72.15830422912816,1.4431660845825633
CTD2,GDSC,CTD2_GDSC,50,50,9,0.7873544043773218,0.7521917095473288,64.48305205897661,1.2896610411795322
CTD2,GDSC,CTD2_GDSC,70,30,0,0.7455398457289201,0.6930634264184878,46.983412567420935,1.5661137522473645
CTD2,GDSC,CTD2_GDSC,70,30,1,0.7490152545499222,0.6930634264184878,48.55949332594396,1.6186497775314654
CTD2,GDSC,CTD2_GDSC,70,30,2,0.7489269536606907,0.6930634264184878,48.519449308205026,1.6173149769401676
CTD2,GDSC,CTD2_GDSC,70,30,3,0.7497545694338047,0.6930634264184878,48.89476897925281,1.6298256326417604
CTD2,GDSC,CTD2_GDSC,70,30,4,0.7497559433440233,0.6930634264184878,48.895392040760385,1.6298464013586795
CTD2,GDSC,CTD2_GDSC,70,30,5,0.7424588021818957,0.6930634264184878,45.586174515514195,1.5195391505171398
CTD2,GDSC,CTD2_GDSC,70,30,6,0.734755422542708,0.6930634264184878,42.0927298446162,1.4030909948205401
CTD2,GDSC,CTD2_GDSC,70,30,7,0.7553377585789502,0.6930634264184878,51.19437944807178,1.706479314935726
CTD2,GDSC,CTD2_GDSC,70,30,8,0.7462677153572416,0.6930634264184878,47.31349785378446,1.5771165951261488
CTD2,GDSC,CTD2_GDSC,70,30,9,0.7552169692114415,0.6930634264184878,51.14852245835295,1.704950748611765
